Organism name,Accession number,Length,Number of decoupled nucleotides,Number of weak bonds,Is Pseudoknotted,Pseudoknot order,Rna Type,Genus,Core,Core plus,Shape,Is Validated,Reference database,Description,Benchmark ID,Reference,Taxonomy.NCBI.Classified,Taxonomy.NCBI.no rank 0,Taxonomy.NCBI.no rank 1,Taxonomy.NCBI.superkingdom,Taxonomy.NCBI.phylum,Taxonomy.NCBI.class,Taxonomy.NCBI.order,Taxonomy.NCBI.family,Taxonomy.NCBI.genus,Taxonomy.NCBI.unknown 0,Taxonomy.NCBI.no rank 2,Taxonomy.NCBI.unknown 1,Taxonomy.NCBI.no rank 3,Taxonomy.NCBI.no rank 4,Taxonomy.NCBI.species group,Taxonomy.NCBI.no rank 5,Taxonomy.NCBI.unknown 2,Taxonomy.NCBI.subphylum,Taxonomy.NCBI.unknown 3,Taxonomy.NCBI.suborder
Xanthomonas arboricola pv. pruni,AF035441,78,34,44,No,0,tRNA,0,(()()()),(()()()),--,No,CRW,--,CRW_t_B_560,--,Yes,root,cellular organisms,Bacteria,Proteobacteria,Gammaproteobacteria,Xanthomonadales,Xanthomonadaceae,Xanthomonas,Xanthomonas arboricola,Xanthomonas arboricola pv. pruni,,,,,,,,,
Xanthomonas arboricola pv. pruni,AJ936965,78,34,44,No,0,tRNA,0,(()()()),(()()()),--,No,CRW,--,CRW_t_B_1569,--,Yes,root,cellular organisms,Bacteria,Proteobacteria,Gammaproteobacteria,Xanthomonadales,Xanthomonadaceae,Xanthomonas,Xanthomonas arboricola,Xanthomonas arboricola pv. pruni,,,,,,,,,
Bartonella quintana str. Toulouse,BX897700,78,34,44,No,0,tRNA,0,(()()()),(()()()),--,No,CRW,--,CRW_t_B_3153,--,Yes,root,cellular organisms,Bacteria,Proteobacteria,Alphaproteobacteria,Rhizobiales,Bartonellaceae,Bartonella,Bartonella quintana,Bartonella quintana str. Toulouse,,,,,,,,,
Francisella tularensis subsp. holarctica OSU18,CP000437,78,34,44,No,0,tRNA,0,(()()()),(()()()),--,No,CRW,--,CRW_t_B_3663,--,Yes,root,cellular organisms,Bacteria,Proteobacteria,Gammaproteobacteria,Thiotrichales,Francisellaceae,Francisella,Francisella tularensis,Francisella tularensis subsp. holarctica OSU18,Francisella tularensis subsp. holarctica,,,,,,,,
Francisella tularensis subsp. holarctica OSU18,CP000437,78,34,44,No,0,tRNA,0,(()()()),(()()()),--,No,CRW,--,CRW_t_B_3664,--,Yes,root,cellular organisms,Bacteria,Proteobacteria,Gammaproteobacteria,Thiotrichales,Francisellaceae,Francisella,Francisella tularensis,Francisella tularensis subsp. holarctica OSU18,Francisella tularensis subsp. holarctica,,,,,,,,
Francisella tularensis subsp. holarctica OSU18,CP000437,78,34,44,No,0,tRNA,0,(()()()),(()()()),--,No,CRW,--,CRW_t_B_3665,--,Yes,root,cellular organisms,Bacteria,Proteobacteria,Gammaproteobacteria,Thiotrichales,Francisellaceae,Francisella,Francisella tularensis,Francisella tularensis subsp. holarctica OSU18,Francisella tularensis subsp. holarctica,,,,,,,,
Synechococcus elongatus PCC 7942,AB003135,78,34,44,No,0,tRNA,0,(()()()),(()()()),--,No,CRW,--,CRW_t_B_4573,--,Yes,root,cellular organisms,Bacteria,Cyanobacteria,,Synechococcales,Synechococcaceae,Synechococcus,Synechococcus elongatus,Terrabacteria group,,Cyanobacteria/Melainabacteria group,Synechococcus elongatus PCC 7942,,,,,,
Bacillus anthracis str. Sterne,AE017225,78,34,44,No,0,tRNA,0,(()()()),(()()()),--,No,CRW,--,CRW_t_B_4786,--,Yes,root,cellular organisms,Bacteria,Firmicutes,Bacilli,Bacillales,Bacillaceae,,Bacillus <bacterium>,Terrabacteria group,Bacillus anthracis,Bacillus anthracis str. Sterne,,Bacillus cereus group,,,,,
Bacillus anthracis str. Sterne,AE017225,78,34,44,No,0,tRNA,0,(()()()),(()()()),--,No,CRW,--,CRW_t_B_4787,--,Yes,root,cellular organisms,Bacteria,Firmicutes,Bacilli,Bacillales,Bacillaceae,,Bacillus <bacterium>,Terrabacteria group,Bacillus anthracis,Bacillus anthracis str. Sterne,,Bacillus cereus group,,,,,
Bacillus anthracis str. Sterne,AE017225,78,34,44,No,0,tRNA,0,(()()()),(()()()),--,No,CRW,--,CRW_t_B_4788,--,Yes,root,cellular organisms,Bacteria,Firmicutes,Bacilli,Bacillales,Bacillaceae,,Bacillus <bacterium>,Terrabacteria group,Bacillus anthracis,Bacillus anthracis str. Sterne,,Bacillus cereus group,,,,,
Bacillus anthracis str. Sterne,AE017225,78,34,44,No,0,tRNA,0,(()()()),(()()()),--,No,CRW,--,CRW_t_B_4789,--,Yes,root,cellular organisms,Bacteria,Firmicutes,Bacilli,Bacillales,Bacillaceae,,Bacillus <bacterium>,Terrabacteria group,Bacillus anthracis,Bacillus anthracis str. Sterne,,Bacillus cereus group,,,,,
Bacillus anthracis str. Sterne,AE017225,78,34,44,No,0,tRNA,0,(()()()),(()()()),--,No,CRW,--,CRW_t_B_4790,--,Yes,root,cellular organisms,Bacteria,Firmicutes,Bacilli,Bacillales,Bacillaceae,,Bacillus <bacterium>,Terrabacteria group,Bacillus anthracis,Bacillus anthracis str. Sterne,,Bacillus cereus group,,,,,
Yersinia pseudotuberculosis,AJ009592,78,34,44,No,0,tRNA,0,(()()()),(()()()),--,No,CRW,--,CRW_t_B_4849,--,Yes,root,cellular organisms,Bacteria,Proteobacteria,Gammaproteobacteria,Enterobacterales,Yersiniaceae,,Yersinia <bacteria>,,Yersinia pseudotuberculosis,,,Yersinia pseudotuberculosis complex,,,,,
Yersinia pseudotuberculosis,AJ009593,78,34,44,No,0,tRNA,0,(()()()),(()()()),--,No,CRW,--,CRW_t_B_4850,--,Yes,root,cellular organisms,Bacteria,Proteobacteria,Gammaproteobacteria,Enterobacterales,Yersiniaceae,,Yersinia <bacteria>,,Yersinia pseudotuberculosis,,,Yersinia pseudotuberculosis complex,,,,,
Symbiobacterium thermophilum IAM 14863,AP006840,78,34,44,No,0,tRNA,0,(()()()),(()()()),--,No,CRW,--,CRW_t_B_4982,--,Yes,root,cellular organisms,Bacteria,Firmicutes,Clostridia,Clostridiales,Symbiobacteriaceae,Symbiobacterium,Symbiobacterium thermophilum,Terrabacteria group,,Symbiobacterium thermophilum IAM 14863,,,,,,,
Symbiobacterium thermophilum IAM 14863,AP006840,78,34,44,No,0,tRNA,0,(()()()),(()()()),--,No,CRW,--,CRW_t_B_4983,--,Yes,root,cellular organisms,Bacteria,Firmicutes,Clostridia,Clostridiales,Symbiobacteriaceae,Symbiobacterium,Symbiobacterium thermophilum,Terrabacteria group,,Symbiobacterium thermophilum IAM 14863,,,,,,,
Symbiobacterium thermophilum IAM 14863,AP006840,78,34,44,No,0,tRNA,0,(()()()),(()()()),--,No,CRW,--,CRW_t_B_4984,--,Yes,root,cellular organisms,Bacteria,Firmicutes,Clostridia,Clostridiales,Symbiobacteriaceae,Symbiobacterium,Symbiobacterium thermophilum,Terrabacteria group,,Symbiobacterium thermophilum IAM 14863,,,,,,,
Bacillus cereus E33L,CP000001,78,34,44,No,0,tRNA,0,(()()()),(()()()),--,No,CRW,--,CRW_t_B_5171,--,Yes,root,cellular organisms,Bacteria,Firmicutes,Bacilli,Bacillales,Bacillaceae,,Bacillus <bacterium>,Terrabacteria group,Bacillus cereus,Bacillus cereus E33L,,Bacillus cereus group,,,,,
Bacillus cereus E33L,CP000001,78,34,44,No,0,tRNA,0,(()()()),(()()()),--,No,CRW,--,CRW_t_B_5172,--,Yes,root,cellular organisms,Bacteria,Firmicutes,Bacilli,Bacillales,Bacillaceae,,Bacillus <bacterium>,Terrabacteria group,Bacillus cereus,Bacillus cereus E33L,,Bacillus cereus group,,,,,
Bacillus cereus E33L,CP000001,78,34,44,No,0,tRNA,0,(()()()),(()()()),--,No,CRW,--,CRW_t_B_5173,--,Yes,root,cellular organisms,Bacteria,Firmicutes,Bacilli,Bacillales,Bacillaceae,,Bacillus <bacterium>,Terrabacteria group,Bacillus cereus,Bacillus cereus E33L,,Bacillus cereus group,,,,,
Bacillus cereus E33L,CP000001,78,34,44,No,0,tRNA,0,(()()()),(()()()),--,No,CRW,--,CRW_t_B_5174,--,Yes,root,cellular organisms,Bacteria,Firmicutes,Bacilli,Bacillales,Bacillaceae,,Bacillus <bacterium>,Terrabacteria group,Bacillus cereus,Bacillus cereus E33L,,Bacillus cereus group,,,,,
Bacillus cereus E33L,CP000001,78,34,44,No,0,tRNA,0,(()()()),(()()()),--,No,CRW,--,CRW_t_B_5175,--,Yes,root,cellular organisms,Bacteria,Firmicutes,Bacilli,Bacillales,Bacillaceae,,Bacillus <bacterium>,Terrabacteria group,Bacillus cereus,Bacillus cereus E33L,,Bacillus cereus group,,,,,
Francisella tularensis subsp. holarctica OSU18,CP000437,78,34,44,No,0,tRNA,0,(()()()),(()()()),--,No,CRW,--,CRW_t_B_5435,--,Yes,root,cellular organisms,Bacteria,Proteobacteria,Gammaproteobacteria,Thiotrichales,Francisellaceae,Francisella,Francisella tularensis,Francisella tularensis subsp. holarctica OSU18,Francisella tularensis subsp. holarctica,,,,,,,,
Bacillus thuringiensis str. Al Hakam,CP000485,78,34,44,No,0,tRNA,0,(()()()),(()()()),--,No,CRW,--,CRW_t_B_5483,--,Yes,root,cellular organisms,Bacteria,Firmicutes,Bacilli,Bacillales,Bacillaceae,,Bacillus <bacterium>,Terrabacteria group,Bacillus thuringiensis,Bacillus thuringiensis str. Al Hakam,,Bacillus cereus group,,,,,
Bacillus thuringiensis str. Al Hakam,CP000485,78,34,44,No,0,tRNA,0,(()()()),(()()()),--,No,CRW,--,CRW_t_B_5484,--,Yes,root,cellular organisms,Bacteria,Firmicutes,Bacilli,Bacillales,Bacillaceae,,Bacillus <bacterium>,Terrabacteria group,Bacillus thuringiensis,Bacillus thuringiensis str. Al Hakam,,Bacillus cereus group,,,,,
Bacillus thuringiensis str. Al Hakam,CP000485,78,34,44,No,0,tRNA,0,(()()()),(()()()),--,No,CRW,--,CRW_t_B_5485,--,Yes,root,cellular organisms,Bacteria,Firmicutes,Bacilli,Bacillales,Bacillaceae,,Bacillus <bacterium>,Terrabacteria group,Bacillus thuringiensis,Bacillus thuringiensis str. Al Hakam,,Bacillus cereus group,,,,,
Bacillus thuringiensis str. Al Hakam,CP000485,78,34,44,No,0,tRNA,0,(()()()),(()()()),--,No,CRW,--,CRW_t_B_5486,--,Yes,root,cellular organisms,Bacteria,Firmicutes,Bacilli,Bacillales,Bacillaceae,,Bacillus <bacterium>,Terrabacteria group,Bacillus thuringiensis,Bacillus thuringiensis str. Al Hakam,,Bacillus cereus group,,,,,
Bacillus thuringiensis str. Al Hakam,CP000485,78,34,44,No,0,tRNA,0,(()()()),(()()()),--,No,CRW,--,CRW_t_B_5487,--,Yes,root,cellular organisms,Bacteria,Firmicutes,Bacilli,Bacillales,Bacillaceae,,Bacillus <bacterium>,Terrabacteria group,Bacillus thuringiensis,Bacillus thuringiensis str. Al Hakam,,Bacillus cereus group,,,,,
Clostridium tetani E88,AE015927,78,34,44,No,0,tRNA,0,(()()()),(()()()),--,No,CRW,--,CRW_t_B_5981,--,Yes,root,cellular organisms,Bacteria,Firmicutes,Clostridia,Clostridiales,Clostridiaceae,Clostridium,Clostridium tetani,Terrabacteria group,,Clostridium tetani E88,,,,,,,
Lactobacillus plantarum WCFS1,AL935256,78,34,44,No,0,tRNA,0,(()()()),(()()()),--,No,CRW,--,CRW_t_B_6188,--,Yes,root,cellular organisms,Bacteria,Firmicutes,Bacilli,Lactobacillales,Lactobacillaceae,Lactobacillus,Lactobacillus plantarum,Terrabacteria group,,Lactobacillus plantarum WCFS1,,,,,,,
Lactobacillus plantarum WCFS1,AL935258,78,34,44,No,0,tRNA,0,(()()()),(()()()),--,No,CRW,--,CRW_t_B_6189,--,Yes,root,cellular organisms,Bacteria,Firmicutes,Bacilli,Lactobacillales,Lactobacillaceae,Lactobacillus,Lactobacillus plantarum,Terrabacteria group,,Lactobacillus plantarum WCFS1,,,,,,,
Pelodictyon luteolum DSM 273,CP000096,78,34,44,No,0,tRNA,0,(()()()),(()()()),--,No,CRW,--,CRW_t_B_6651,--,Yes,root,cellular organisms,Bacteria,Chlorobi,Chlorobia,Chlorobiales,Chlorobiaceae,Pelodictyon,Pelodictyon luteolum,FCB group,,Bacteroidetes/Chlorobi group,Chlorobium/Pelodictyon group,,Pelodictyon luteolum DSM 273,,,,
Mycobacterium avium 104,CP000479,78,34,44,No,0,tRNA,0,(()()()),(()()()),--,No,CRW,--,CRW_t_B_6884,--,Yes,root,cellular organisms,Bacteria,,,Corynebacteriales,Mycobacteriaceae,Mycobacterium,Actinobacteria <phylum>,Terrabacteria group,Actinobacteria <class>,Mycobacterium avium 104,,Mycobacterium avium complex (MAC),,Mycobacterium avium,,,
Acidothermus cellulolyticus 11B,CP000481,78,34,44,No,0,tRNA,0,(()()()),(()()()),--,No,CRW,--,CRW_t_B_6886,--,Yes,root,cellular organisms,Bacteria,,,Acidothermales,Acidothermaceae,Acidothermus,Actinobacteria <phylum>,Terrabacteria group,Actinobacteria <class>,Acidothermus cellulolyticus 11B,,,,Acidothermus cellulolyticus,,,
Mycoplasma mycoides,X03154,78,34,44,No,0,tRNA,0,(()()()),(()()()),--,No,CRW,--,CRW_t_B_7185,--,Yes,root,cellular organisms,Bacteria,Tenericutes,Mollicutes,Mycoplasmatales,Mycoplasmataceae,Mycoplasma,Mycoplasma mycoides,Terrabacteria group,Mycoplasma mycoides subsp. mycoides,,,Mycoplasma mycoides group,,,,,
Nocardia farcinica IFM 10152,AP006618,78,34,44,No,0,tRNA,0,(()()()),(()()()),--,No,CRW,--,CRW_t_B_7442,--,Yes,root,cellular organisms,Bacteria,,,Corynebacteriales,Nocardiaceae,Nocardia,Actinobacteria <phylum>,Terrabacteria group,Actinobacteria <class>,Nocardia farcinica IFM 10152,,,,Nocardia farcinica,,,
Symbiobacterium thermophilum IAM 14863,AP006840,78,34,44,No,0,tRNA,0,(()()()),(()()()),--,No,CRW,--,CRW_t_B_7448,--,Yes,root,cellular organisms,Bacteria,Firmicutes,Clostridia,Clostridiales,Symbiobacteriaceae,Symbiobacterium,Symbiobacterium thermophilum,Terrabacteria group,,Symbiobacterium thermophilum IAM 14863,,,,,,,
Symbiobacterium thermophilum IAM 14863,AP006840,78,34,44,No,0,tRNA,0,(()()()),(()()()),--,No,CRW,--,CRW_t_B_7449,--,Yes,root,cellular organisms,Bacteria,Firmicutes,Clostridia,Clostridiales,Symbiobacteriaceae,Symbiobacterium,Symbiobacterium thermophilum,Terrabacteria group,,Symbiobacterium thermophilum IAM 14863,,,,,,,
Geobacter sulfurreducens PCA,AE017180,78,34,44,No,0,tRNA,0,(()()()),(()()()),--,No,CRW,--,CRW_t_B_8251,--,Yes,root,cellular organisms,Bacteria,Proteobacteria,Deltaproteobacteria,Desulfuromonadales,Geobacteraceae,Geobacter,Geobacter sulfurreducens,Geobacter sulfurreducens PCA,,,,,,,delta/epsilon subdivisions,,
Bacillus anthracis str. Sterne,AE017225,78,34,44,No,0,tRNA,0,(()()()),(()()()),--,No,CRW,--,CRW_t_B_8273,--,Yes,root,cellular organisms,Bacteria,Firmicutes,Bacilli,Bacillales,Bacillaceae,,Bacillus <bacterium>,Terrabacteria group,Bacillus anthracis,Bacillus anthracis str. Sterne,,Bacillus cereus group,,,,,
Bacillus anthracis str. Sterne,AE017225,78,34,44,No,0,tRNA,0,(()()()),(()()()),--,No,CRW,--,CRW_t_B_8278,--,Yes,root,cellular organisms,Bacteria,Firmicutes,Bacilli,Bacillales,Bacillaceae,,Bacillus <bacterium>,Terrabacteria group,Bacillus anthracis,Bacillus anthracis str. Sterne,,Bacillus cereus group,,,,,
Bacillus anthracis str. Sterne,AE017225,78,34,44,No,0,tRNA,0,(()()()),(()()()),--,No,CRW,--,CRW_t_B_8279,--,Yes,root,cellular organisms,Bacteria,Firmicutes,Bacilli,Bacillales,Bacillaceae,,Bacillus <bacterium>,Terrabacteria group,Bacillus anthracis,Bacillus anthracis str. Sterne,,Bacillus cereus group,,,,,
Bacillus cereus E33L,CP000001,78,34,44,No,0,tRNA,0,(()()()),(()()()),--,No,CRW,--,CRW_t_B_9038,--,Yes,root,cellular organisms,Bacteria,Firmicutes,Bacilli,Bacillales,Bacillaceae,,Bacillus <bacterium>,Terrabacteria group,Bacillus cereus,Bacillus cereus E33L,,Bacillus cereus group,,,,,
Bacillus cereus E33L,CP000001,78,34,44,No,0,tRNA,0,(()()()),(()()()),--,No,CRW,--,CRW_t_B_9043,--,Yes,root,cellular organisms,Bacteria,Firmicutes,Bacilli,Bacillales,Bacillaceae,,Bacillus <bacterium>,Terrabacteria group,Bacillus cereus,Bacillus cereus E33L,,Bacillus cereus group,,,,,
Bacillus cereus E33L,CP000001,78,34,44,No,0,tRNA,0,(()()()),(()()()),--,No,CRW,--,CRW_t_B_9044,--,Yes,root,cellular organisms,Bacteria,Firmicutes,Bacilli,Bacillales,Bacillaceae,,Bacillus <bacterium>,Terrabacteria group,Bacillus cereus,Bacillus cereus E33L,,Bacillus cereus group,,,,,
Pelobacter carbinolicus DSM 2380,CP000142,78,34,44,No,0,tRNA,0,(()()()),(()()()),--,No,CRW,--,CRW_t_B_9179,--,Yes,root,cellular organisms,Bacteria,Proteobacteria,Deltaproteobacteria,Desulfuromonadales,Desulfuromonadaceae,Pelobacter,Pelobacter carbinolicus,Pelobacter carbinolicus DSM 2380,,,,,,,delta/epsilon subdivisions,,
Pelobacter carbinolicus DSM 2380,CP000142,78,34,44,No,0,tRNA,0,(()()()),(()()()),--,No,CRW,--,CRW_t_B_9180,--,Yes,root,cellular organisms,Bacteria,Proteobacteria,Deltaproteobacteria,Desulfuromonadales,Desulfuromonadaceae,Pelobacter,Pelobacter carbinolicus,Pelobacter carbinolicus DSM 2380,,,,,,,delta/epsilon subdivisions,,
Geobacter metallireducens GS-15,CP000148,78,34,44,No,0,tRNA,0,(()()()),(()()()),--,No,CRW,--,CRW_t_B_9181,--,Yes,root,cellular organisms,Bacteria,Proteobacteria,Deltaproteobacteria,Desulfuromonadales,Geobacteraceae,Geobacter,Geobacter metallireducens,Geobacter metallireducens GS-15,,,,,,,delta/epsilon subdivisions,,
Salinibacter ruber DSM 13855,CP000159,78,34,44,No,0,tRNA,0,(()()()),(()()()),--,No,CRW,--,CRW_t_B_9191,--,Yes,root,cellular organisms,Bacteria,,,Bacteroidetes Order II. Incertae sedis,Rhodothermaceae,Salinibacter,Bacteroidetes <phylum>,FCB group,Salinibacter ruber,Bacteroidetes/Chlorobi group,Salinibacter ruber DSM 13855,,,,,,
Cytophaga hutchinsonii ATCC 33406,CP000383,78,34,44,No,0,tRNA,0,(()()()),(()()()),--,No,CRW,--,CRW_t_B_9318,--,Yes,root,cellular organisms,Bacteria,,Cytophagia,Cytophagales,Cytophagaceae,Cytophaga,Bacteroidetes <phylum>,FCB group,Cytophaga hutchinsonii,Bacteroidetes/Chlorobi group,Cytophaga hutchinsonii ATCC 33406,,,,,,
Cytophaga hutchinsonii ATCC 33406,CP000383,78,34,44,No,0,tRNA,0,(()()()),(()()()),--,No,CRW,--,CRW_t_B_9319,--,Yes,root,cellular organisms,Bacteria,,Cytophagia,Cytophagales,Cytophagaceae,Cytophaga,Bacteroidetes <phylum>,FCB group,Cytophaga hutchinsonii,Bacteroidetes/Chlorobi group,Cytophaga hutchinsonii ATCC 33406,,,,,,
Syntrophobacter fumaroxidans MPOB,CP000478,78,34,44,No,0,tRNA,0,(()()()),(()()()),--,No,CRW,--,CRW_t_B_9433,--,Yes,root,cellular organisms,Bacteria,Proteobacteria,Deltaproteobacteria,Syntrophobacterales,Syntrophobacteraceae,Syntrophobacter,Syntrophobacter fumaroxidans,Syntrophobacter fumaroxidans MPOB,,,,,,,delta/epsilon subdivisions,,
Pelobacter propionicus DSM 2379,CP000482,78,34,44,No,0,tRNA,0,(()()()),(()()()),--,No,CRW,--,CRW_t_B_9441,--,Yes,root,cellular organisms,Bacteria,Proteobacteria,Deltaproteobacteria,Desulfuromonadales,Desulfuromonadaceae,Pelobacter,Pelobacter propionicus,Pelobacter propionicus DSM 2379,,,,,,,delta/epsilon subdivisions,,
Bacillus thuringiensis str. Al Hakam,CP000485,78,34,44,No,0,tRNA,0,(()()()),(()()()),--,No,CRW,--,CRW_t_B_9442,--,Yes,root,cellular organisms,Bacteria,Firmicutes,Bacilli,Bacillales,Bacillaceae,,Bacillus <bacterium>,Terrabacteria group,Bacillus thuringiensis,Bacillus thuringiensis str. Al Hakam,,Bacillus cereus group,,,,,
Bacillus thuringiensis str. Al Hakam,CP000485,78,34,44,No,0,tRNA,0,(()()()),(()()()),--,No,CRW,--,CRW_t_B_9443,--,Yes,root,cellular organisms,Bacteria,Firmicutes,Bacilli,Bacillales,Bacillaceae,,Bacillus <bacterium>,Terrabacteria group,Bacillus thuringiensis,Bacillus thuringiensis str. Al Hakam,,Bacillus cereus group,,,,,
Bacillus thuringiensis str. Al Hakam,CP000485,78,34,44,No,0,tRNA,0,(()()()),(()()()),--,No,CRW,--,CRW_t_B_9448,--,Yes,root,cellular organisms,Bacteria,Firmicutes,Bacilli,Bacillales,Bacillaceae,,Bacillus <bacterium>,Terrabacteria group,Bacillus thuringiensis,Bacillus thuringiensis str. Al Hakam,,Bacillus cereus group,,,,,
Leifsonia xyli subsp. xyli str. CTCB07,AE016822,78,34,44,No,0,tRNA,0,--,--,--,No,CRW,--,CRW_t_B_10100,--,Yes,root,cellular organisms,Bacteria,,,Micrococcales,Microbacteriaceae,Leifsonia,Actinobacteria <phylum>,Terrabacteria group,Actinobacteria <class>,Leifsonia xyli subsp. xyli str. CTCB07,,,,Leifsonia xyli,,Leifsonia xyli subsp. xyli,
Bacillus anthracis str. Sterne,AE017225,78,34,44,No,0,tRNA,0,(()()()),(()()()),--,No,CRW,--,CRW_t_B_10144,--,Yes,root,cellular organisms,Bacteria,Firmicutes,Bacilli,Bacillales,Bacillaceae,,Bacillus <bacterium>,Terrabacteria group,Bacillus anthracis,Bacillus anthracis str. Sterne,,Bacillus cereus group,,,,,
Bacillus anthracis str. Sterne,AE017225,78,34,44,No,0,tRNA,0,(()()()),(()()()),--,No,CRW,--,CRW_t_B_10145,--,Yes,root,cellular organisms,Bacteria,Firmicutes,Bacilli,Bacillales,Bacillaceae,,Bacillus <bacterium>,Terrabacteria group,Bacillus anthracis,Bacillus anthracis str. Sterne,,Bacillus cereus group,,,,,
Bacillus anthracis str. Sterne,AE017225,78,34,44,No,0,tRNA,0,(()()()),(()()()),--,No,CRW,--,CRW_t_B_10146,--,Yes,root,cellular organisms,Bacteria,Firmicutes,Bacilli,Bacillales,Bacillaceae,,Bacillus <bacterium>,Terrabacteria group,Bacillus anthracis,Bacillus anthracis str. Sterne,,Bacillus cereus group,,,,,
Bacillus anthracis str. Sterne,AE017225,78,34,44,No,0,tRNA,0,(()()()),(()()()),--,No,CRW,--,CRW_t_B_10147,--,Yes,root,cellular organisms,Bacteria,Firmicutes,Bacilli,Bacillales,Bacillaceae,,Bacillus <bacterium>,Terrabacteria group,Bacillus anthracis,Bacillus anthracis str. Sterne,,Bacillus cereus group,,,,,
Bacillus cereus E33L,CP000001,78,34,44,No,0,tRNA,0,(()()()),(()()()),--,No,CRW,--,CRW_t_B_10460,--,Yes,root,cellular organisms,Bacteria,Firmicutes,Bacilli,Bacillales,Bacillaceae,,Bacillus <bacterium>,Terrabacteria group,Bacillus cereus,Bacillus cereus E33L,,Bacillus cereus group,,,,,
Bacillus cereus E33L,CP000001,78,34,44,No,0,tRNA,0,(()()()),(()()()),--,No,CRW,--,CRW_t_B_10461,--,Yes,root,cellular organisms,Bacteria,Firmicutes,Bacilli,Bacillales,Bacillaceae,,Bacillus <bacterium>,Terrabacteria group,Bacillus cereus,Bacillus cereus E33L,,Bacillus cereus group,,,,,
Bacillus cereus E33L,CP000001,78,34,44,No,0,tRNA,0,(()()()),(()()()),--,No,CRW,--,CRW_t_B_10462,--,Yes,root,cellular organisms,Bacteria,Firmicutes,Bacilli,Bacillales,Bacillaceae,,Bacillus <bacterium>,Terrabacteria group,Bacillus cereus,Bacillus cereus E33L,,Bacillus cereus group,,,,,
Bacillus cereus E33L,CP000001,78,34,44,No,0,tRNA,0,(()()()),(()()()),--,No,CRW,--,CRW_t_B_10463,--,Yes,root,cellular organisms,Bacteria,Firmicutes,Bacilli,Bacillales,Bacillaceae,,Bacillus <bacterium>,Terrabacteria group,Bacillus cereus,Bacillus cereus E33L,,Bacillus cereus group,,,,,
Bacillus thuringiensis str. Al Hakam,CP000485,78,34,44,No,0,tRNA,0,(()()()),(()()()),--,No,CRW,--,CRW_t_B_10756,--,Yes,root,cellular organisms,Bacteria,Firmicutes,Bacilli,Bacillales,Bacillaceae,,Bacillus <bacterium>,Terrabacteria group,Bacillus thuringiensis,Bacillus thuringiensis str. Al Hakam,,Bacillus cereus group,,,,,
Bacillus thuringiensis str. Al Hakam,CP000485,78,34,44,No,0,tRNA,0,(()()()),(()()()),--,No,CRW,--,CRW_t_B_10757,--,Yes,root,cellular organisms,Bacteria,Firmicutes,Bacilli,Bacillales,Bacillaceae,,Bacillus <bacterium>,Terrabacteria group,Bacillus thuringiensis,Bacillus thuringiensis str. Al Hakam,,Bacillus cereus group,,,,,
Bacillus thuringiensis str. Al Hakam,CP000485,78,34,44,No,0,tRNA,0,(()()()),(()()()),--,No,CRW,--,CRW_t_B_10758,--,Yes,root,cellular organisms,Bacteria,Firmicutes,Bacilli,Bacillales,Bacillaceae,,Bacillus <bacterium>,Terrabacteria group,Bacillus thuringiensis,Bacillus thuringiensis str. Al Hakam,,Bacillus cereus group,,,,,
Bacillus thuringiensis str. Al Hakam,CP000485,78,34,44,No,0,tRNA,0,(()()()),(()()()),--,No,CRW,--,CRW_t_B_10759,--,Yes,root,cellular organisms,Bacteria,Firmicutes,Bacilli,Bacillales,Bacillaceae,,Bacillus <bacterium>,Terrabacteria group,Bacillus thuringiensis,Bacillus thuringiensis str. Al Hakam,,Bacillus cereus group,,,,,
Bacillus anthracis str. Sterne,AE017225,78,34,44,No,0,tRNA,0,(()()()),(()()()),--,No,CRW,--,CRW_t_B_11499,--,Yes,root,cellular organisms,Bacteria,Firmicutes,Bacilli,Bacillales,Bacillaceae,,Bacillus <bacterium>,Terrabacteria group,Bacillus anthracis,Bacillus anthracis str. Sterne,,Bacillus cereus group,,,,,
Bacillus anthracis str. Sterne,AE017225,78,34,44,No,0,tRNA,0,(()()()),(()()()),--,No,CRW,--,CRW_t_B_11501,--,Yes,root,cellular organisms,Bacteria,Firmicutes,Bacilli,Bacillales,Bacillaceae,,Bacillus <bacterium>,Terrabacteria group,Bacillus anthracis,Bacillus anthracis str. Sterne,,Bacillus cereus group,,,,,
Bacillus anthracis str. Sterne,AE017225,78,34,44,No,0,tRNA,0,(()()()),(()()()),--,No,CRW,--,CRW_t_B_11504,--,Yes,root,cellular organisms,Bacteria,Firmicutes,Bacilli,Bacillales,Bacillaceae,,Bacillus <bacterium>,Terrabacteria group,Bacillus anthracis,Bacillus anthracis str. Sterne,,Bacillus cereus group,,,,,
Bacillus cereus E33L,CP000001,78,34,44,No,0,tRNA,0,(()()()),(()()()),--,No,CRW,--,CRW_t_B_12352,--,Yes,root,cellular organisms,Bacteria,Firmicutes,Bacilli,Bacillales,Bacillaceae,,Bacillus <bacterium>,Terrabacteria group,Bacillus cereus,Bacillus cereus E33L,,Bacillus cereus group,,,,,
Bacillus cereus E33L,CP000001,78,34,44,No,0,tRNA,0,(()()()),(()()()),--,No,CRW,--,CRW_t_B_12354,--,Yes,root,cellular organisms,Bacteria,Firmicutes,Bacilli,Bacillales,Bacillaceae,,Bacillus <bacterium>,Terrabacteria group,Bacillus cereus,Bacillus cereus E33L,,Bacillus cereus group,,,,,
Bacillus cereus E33L,CP000001,78,34,44,No,0,tRNA,0,(()()()),(()()()),--,No,CRW,--,CRW_t_B_12357,--,Yes,root,cellular organisms,Bacteria,Firmicutes,Bacilli,Bacillales,Bacillaceae,,Bacillus <bacterium>,Terrabacteria group,Bacillus cereus,Bacillus cereus E33L,,Bacillus cereus group,,,,,
Bacillus thuringiensis str. Al Hakam,CP000485,78,34,44,No,0,tRNA,0,(()()()),(()()()),--,No,CRW,--,CRW_t_B_13000,--,Yes,root,cellular organisms,Bacteria,Firmicutes,Bacilli,Bacillales,Bacillaceae,,Bacillus <bacterium>,Terrabacteria group,Bacillus thuringiensis,Bacillus thuringiensis str. Al Hakam,,Bacillus cereus group,,,,,
Bacillus thuringiensis str. Al Hakam,CP000485,78,34,44,No,0,tRNA,0,(()()()),(()()()),--,No,CRW,--,CRW_t_B_13002,--,Yes,root,cellular organisms,Bacteria,Firmicutes,Bacilli,Bacillales,Bacillaceae,,Bacillus <bacterium>,Terrabacteria group,Bacillus thuringiensis,Bacillus thuringiensis str. Al Hakam,,Bacillus cereus group,,,,,
Bacillus thuringiensis str. Al Hakam,CP000485,78,34,44,No,0,tRNA,0,(()()()),(()()()),--,No,CRW,--,CRW_t_B_13005,--,Yes,root,cellular organisms,Bacteria,Firmicutes,Bacilli,Bacillales,Bacillaceae,,Bacillus <bacterium>,Terrabacteria group,Bacillus thuringiensis,Bacillus thuringiensis str. Al Hakam,,Bacillus cereus group,,,,,
Bacillus thuringiensis str. Al Hakam,CP000485,78,34,44,No,0,tRNA,0,(()()()),(()()()),--,No,CRW,--,CRW_t_B_13006,--,Yes,root,cellular organisms,Bacteria,Firmicutes,Bacilli,Bacillales,Bacillaceae,,Bacillus <bacterium>,Terrabacteria group,Bacillus thuringiensis,Bacillus thuringiensis str. Al Hakam,,Bacillus cereus group,,,,,
Escherichia coli,M29107,78,34,44,No,0,tRNA,0,(()()()),(()()()),--,No,CRW,--,CRW_t_B_13406,--,Yes,root,cellular organisms,Bacteria,Proteobacteria,Gammaproteobacteria,Enterobacterales,Enterobacteriaceae,Escherichia,Escherichia coli,,,,,,,,,,
Campylobacter jejuni,Y17167,78,34,44,No,0,tRNA,0,(()()()),(()()()),--,No,CRW,--,CRW_t_B_13653,--,Yes,root,cellular organisms,Bacteria,Proteobacteria,Epsilonproteobacteria,Campylobacterales,Campylobacteraceae,Campylobacter,Campylobacter jejuni,,Campylobacter jejuni subsp. jejuni,,,,,,delta/epsilon subdivisions,,
Francisella tularensis subsp. holarctica OSU18,CP000437,78,34,44,No,0,tRNA,0,--,--,--,No,CRW,--,CRW_t_B_14981,--,Yes,root,cellular organisms,Bacteria,Proteobacteria,Gammaproteobacteria,Thiotrichales,Francisellaceae,Francisella,Francisella tularensis,Francisella tularensis subsp. holarctica OSU18,Francisella tularensis subsp. holarctica,,,,,,,,
Acinetobacter genomosp. 13,U60281,78,34,44,No,0,tRNA,0,(),(),--,No,CRW,--,CRW_t_B_15486,--,Yes,root,cellular organisms,Bacteria,Proteobacteria,Gammaproteobacteria,Pseudomonadales,Moraxellaceae,Acinetobacter,Acinetobacter genomosp. 13,,,,,Acinetobacter calcoaceticus/baumannii complex,,,,,
Bradyrhizobium elkanii,AB100744,78,34,44,No,0,tRNA,0,(),(),--,No,CRW,--,CRW_t_B_15539,--,Yes,root,cellular organisms,Bacteria,Proteobacteria,Alphaproteobacteria,Rhizobiales,Bradyrhizobiaceae,Bradyrhizobium,Bradyrhizobium elkanii,,,,,,,,,,
Bradyrhizobium elkanii,AB100745,78,34,44,No,0,tRNA,0,(),(),--,No,CRW,--,CRW_t_B_15540,--,Yes,root,cellular organisms,Bacteria,Proteobacteria,Alphaproteobacteria,Rhizobiales,Bradyrhizobiaceae,Bradyrhizobium,Bradyrhizobium elkanii,,,,,,,,,,
Acinetobacter baumannii,U60279,78,34,44,No,0,tRNA,0,(()()()),(()()()),--,No,CRW,--,CRW_t_B_15654,--,Yes,root,cellular organisms,Bacteria,Proteobacteria,Gammaproteobacteria,Pseudomonadales,Moraxellaceae,Acinetobacter,Acinetobacter baumannii,,,,,Acinetobacter calcoaceticus/baumannii complex,,,,,
Acinetobacter calcoaceticus,U60278,78,34,44,No,0,tRNA,0,(()()()),(()()()),--,No,CRW,--,CRW_t_B_15675,--,Yes,root,cellular organisms,Bacteria,Proteobacteria,Gammaproteobacteria,Pseudomonadales,Moraxellaceae,Acinetobacter,Acinetobacter calcoaceticus,,,,,Acinetobacter calcoaceticus/baumannii complex,,,,,
Sugarcane yellows phytoplasma type I,AF090169,78,34,44,No,0,tRNA,0,(()()()),(()()()),--,No,CRW,--,CRW_t_B_16012,--,Yes,root,cellular organisms,Bacteria,Tenericutes,Mollicutes,Acholeplasmatales,Acholeplasmataceae,Candidatus Phytoplasma,Sugarcane yellows phytoplasma type I,Terrabacteria group,,unclassified phytoplasmas,,,,,,,
Candidatus Phytoplasma ziziphi,AF305240,78,34,44,No,0,tRNA,0,(()()()),(()()()),--,No,CRW,--,CRW_t_B_16271,--,Yes,root,cellular organisms,Bacteria,Tenericutes,Mollicutes,Acholeplasmatales,Acholeplasmataceae,Candidatus Phytoplasma,Candidatus Phytoplasma ziziphi,Terrabacteria group,,,,16SrV (Elm yellows group),,,,,
Bradyrhizobium denitrificans,AF338168,78,34,44,No,0,tRNA,0,(()()()),(()()()),--,No,CRW,--,CRW_t_B_16308,--,Yes,root,cellular organisms,Bacteria,Proteobacteria,Alphaproteobacteria,Rhizobiales,Bradyrhizobiaceae,Bradyrhizobium,Bradyrhizobium denitrificans,,,,,,,,,,
'Helichrysum bracteatum' phytoplasma,AF515771,78,34,44,No,0,tRNA,0,(()()()),(()()()),--,No,CRW,--,CRW_t_B_16714,--,Yes,root,cellular organisms,Bacteria,Tenericutes,Mollicutes,Acholeplasmatales,Acholeplasmataceae,Candidatus Phytoplasma,'Helichrysum bracteatum' phytoplasma,Terrabacteria group,,unclassified phytoplasmas,,,,,,,
Weeping tea tree witches'-broom phytoplasma,AF521672,78,34,44,No,0,tRNA,0,(()()()),(()()()),--,No,CRW,--,CRW_t_B_16717,--,Yes,root,cellular organisms,Bacteria,Tenericutes,Mollicutes,Acholeplasmatales,Acholeplasmataceae,Candidatus Phytoplasma,Weeping tea tree witches'-broom phytoplasma,Terrabacteria group,,,,16SrXXV (Weeping tea tree witches'-broom group),,,,,
Bacillus thuringiensis,AJ420059,78,34,44,No,0,tRNA,0,(()()()),(()()()),--,No,CRW,--,CRW_t_B_16863,--,Yes,root,cellular organisms,Bacteria,Firmicutes,Bacilli,Bacillales,Bacillaceae,,Bacillus <bacterium>,Terrabacteria group,Bacillus thuringiensis,,,Bacillus cereus group,,,,,
uncultured Acidobacteria bacterium,AY281352,78,34,44,No,0,tRNA,0,(()()()),(()()()),--,No,CRW,--,CRW_t_B_17423,--,Yes,root,cellular organisms,Bacteria,,,,,,Acidobacteria <phylum>,,environmental samples <Acidobacteria>,,,,,uncultured Acidobacteria bacterium,,,
Bradyrhizobium japonicum,AY386713,78,34,44,No,0,tRNA,0,(()()()),(()()()),--,No,CRW,--,CRW_t_B_17470,--,Yes,root,cellular organisms,Bacteria,Proteobacteria,Alphaproteobacteria,Rhizobiales,Bradyrhizobiaceae,Bradyrhizobium,Bradyrhizobium japonicum,,,,,,,,,,
Bradyrhizobium genosp. beta,AY386715,78,34,44,No,0,tRNA,0,(()()()),(()()()),--,No,CRW,--,CRW_t_B_17472,--,Yes,root,cellular organisms,Bacteria,Proteobacteria,Alphaproteobacteria,Rhizobiales,Bradyrhizobiaceae,Bradyrhizobium,Bradyrhizobium genosp. beta,,,,,,,,,,
Bradyrhizobium genosp. beta,AY386721,78,34,44,No,0,tRNA,0,(()()()),(()()()),--,No,CRW,--,CRW_t_B_17476,--,Yes,root,cellular organisms,Bacteria,Proteobacteria,Alphaproteobacteria,Rhizobiales,Bradyrhizobiaceae,Bradyrhizobium,Bradyrhizobium genosp. beta,,,,,,,,,,
Bradyrhizobium genosp. beta,AY386722,78,34,44,No,0,tRNA,0,(()()()),(()()()),--,No,CRW,--,CRW_t_B_17477,--,Yes,root,cellular organisms,Bacteria,Proteobacteria,Alphaproteobacteria,Rhizobiales,Bradyrhizobiaceae,Bradyrhizobium,Bradyrhizobium genosp. beta,,,,,,,,,,
Bradyrhizobium yuanmingense,AY386734,78,34,44,No,0,tRNA,0,(()()()),(()()()),--,No,CRW,--,CRW_t_B_17478,--,Yes,root,cellular organisms,Bacteria,Proteobacteria,Alphaproteobacteria,Rhizobiales,Bradyrhizobiaceae,Bradyrhizobium,Bradyrhizobium yuanmingense,,,,,,,,,,
Rhizobium leguminosarum bv. viciae,AY491944,78,34,44,No,0,tRNA,0,(()()()),(()(())()),--,No,CRW,--,CRW_t_B_17508,--,Yes,root,cellular organisms,Bacteria,Proteobacteria,Alphaproteobacteria,Rhizobiales,Rhizobiaceae,Rhizobium,Rhizobium leguminosarum,Rhizobium/Agrobacterium group,,Rhizobium leguminosarum bv. viciae,,,,,,,
Rhizobium leguminosarum bv. viciae,AY491945,78,34,44,No,0,tRNA,0,(()()()),(()()()),--,No,CRW,--,CRW_t_B_17509,--,Yes,root,cellular organisms,Bacteria,Proteobacteria,Alphaproteobacteria,Rhizobiales,Rhizobiaceae,Rhizobium,Rhizobium leguminosarum,Rhizobium/Agrobacterium group,,Rhizobium leguminosarum bv. viciae,,,,,,,
Rhizobium leguminosarum bv. viciae,AY491946,78,34,44,No,0,tRNA,0,(()()()),(()()()),--,No,CRW,--,CRW_t_B_17510,--,Yes,root,cellular organisms,Bacteria,Proteobacteria,Alphaproteobacteria,Rhizobiales,Rhizobiaceae,Rhizobium,Rhizobium leguminosarum,Rhizobium/Agrobacterium group,,Rhizobium leguminosarum bv. viciae,,,,,,,
Rhizobium leguminosarum bv. viciae,AY491947,78,34,44,No,0,tRNA,0,(()()()),(()()()),--,No,CRW,--,CRW_t_B_17511,--,Yes,root,cellular organisms,Bacteria,Proteobacteria,Alphaproteobacteria,Rhizobiales,Rhizobiaceae,Rhizobium,Rhizobium leguminosarum,Rhizobium/Agrobacterium group,,Rhizobium leguminosarum bv. viciae,,,,,,,
Rhizobium leguminosarum bv. viciae,AY491948,78,34,44,No,0,tRNA,0,(()()()),(()(())()),--,No,CRW,--,CRW_t_B_17512,--,Yes,root,cellular organisms,Bacteria,Proteobacteria,Alphaproteobacteria,Rhizobiales,Rhizobiaceae,Rhizobium,Rhizobium leguminosarum,Rhizobium/Agrobacterium group,,Rhizobium leguminosarum bv. viciae,,,,,,,
Rhizobium leguminosarum bv. viciae,AY491949,78,34,44,No,0,tRNA,0,(()()()),(()()()),--,No,CRW,--,CRW_t_B_17513,--,Yes,root,cellular organisms,Bacteria,Proteobacteria,Alphaproteobacteria,Rhizobiales,Rhizobiaceae,Rhizobium,Rhizobium leguminosarum,Rhizobium/Agrobacterium group,,Rhizobium leguminosarum bv. viciae,,,,,,,
Rhizobium leguminosarum bv. viciae,AY491951,78,34,44,No,0,tRNA,0,(()()()),(()(())()),--,No,CRW,--,CRW_t_B_17514,--,Yes,root,cellular organisms,Bacteria,Proteobacteria,Alphaproteobacteria,Rhizobiales,Rhizobiaceae,Rhizobium,Rhizobium leguminosarum,Rhizobium/Agrobacterium group,,Rhizobium leguminosarum bv. viciae,,,,,,,
Rhizobium leguminosarum bv. viciae,AY491952,78,34,44,No,0,tRNA,0,(()()()),(()()()),--,No,CRW,--,CRW_t_B_17515,--,Yes,root,cellular organisms,Bacteria,Proteobacteria,Alphaproteobacteria,Rhizobiales,Rhizobiaceae,Rhizobium,Rhizobium leguminosarum,Rhizobium/Agrobacterium group,,Rhizobium leguminosarum bv. viciae,,,,,,,
Rhizobium leguminosarum bv. viciae,AY491953,78,34,44,No,0,tRNA,0,(()()()),(()()()),--,No,CRW,--,CRW_t_B_17516,--,Yes,root,cellular organisms,Bacteria,Proteobacteria,Alphaproteobacteria,Rhizobiales,Rhizobiaceae,Rhizobium,Rhizobium leguminosarum,Rhizobium/Agrobacterium group,,Rhizobium leguminosarum bv. viciae,,,,,,,
Rhizobium leguminosarum bv. viciae,AY491954,78,34,44,No,0,tRNA,0,(()()()),(()()()),--,No,CRW,--,CRW_t_B_17517,--,Yes,root,cellular organisms,Bacteria,Proteobacteria,Alphaproteobacteria,Rhizobiales,Rhizobiaceae,Rhizobium,Rhizobium leguminosarum,Rhizobium/Agrobacterium group,,Rhizobium leguminosarum bv. viciae,,,,,,,
Rhizobium leguminosarum bv. viciae,AY491955,78,34,44,No,0,tRNA,0,(()()()),(()()()),--,No,CRW,--,CRW_t_B_17518,--,Yes,root,cellular organisms,Bacteria,Proteobacteria,Alphaproteobacteria,Rhizobiales,Rhizobiaceae,Rhizobium,Rhizobium leguminosarum,Rhizobium/Agrobacterium group,,Rhizobium leguminosarum bv. viciae,,,,,,,
Rhizobium leguminosarum bv. viciae,AY491956,78,34,44,No,0,tRNA,0,(()()()),(()()()),--,No,CRW,--,CRW_t_B_17519,--,Yes,root,cellular organisms,Bacteria,Proteobacteria,Alphaproteobacteria,Rhizobiales,Rhizobiaceae,Rhizobium,Rhizobium leguminosarum,Rhizobium/Agrobacterium group,,Rhizobium leguminosarum bv. viciae,,,,,,,
Rhizobium leguminosarum bv. viciae,AY491957,78,34,44,No,0,tRNA,0,(()()()),(()()()),--,No,CRW,--,CRW_t_B_17520,--,Yes,root,cellular organisms,Bacteria,Proteobacteria,Alphaproteobacteria,Rhizobiales,Rhizobiaceae,Rhizobium,Rhizobium leguminosarum,Rhizobium/Agrobacterium group,,Rhizobium leguminosarum bv. viciae,,,,,,,
Rhizobium leguminosarum bv. viciae,AY491959,78,34,44,No,0,tRNA,0,(()()()),(()()()),--,No,CRW,--,CRW_t_B_17522,--,Yes,root,cellular organisms,Bacteria,Proteobacteria,Alphaproteobacteria,Rhizobiales,Rhizobiaceae,Rhizobium,Rhizobium leguminosarum,Rhizobium/Agrobacterium group,,Rhizobium leguminosarum bv. viciae,,,,,,,
Rhizobium leguminosarum bv. viciae,AY491960,78,34,44,No,0,tRNA,0,(()()()),(()()()),--,No,CRW,--,CRW_t_B_17523,--,Yes,root,cellular organisms,Bacteria,Proteobacteria,Alphaproteobacteria,Rhizobiales,Rhizobiaceae,Rhizobium,Rhizobium leguminosarum,Rhizobium/Agrobacterium group,,Rhizobium leguminosarum bv. viciae,,,,,,,
Rhizobium leguminosarum bv. viciae,AY491961,78,34,44,No,0,tRNA,0,(()()()),(()()()),--,No,CRW,--,CRW_t_B_17524,--,Yes,root,cellular organisms,Bacteria,Proteobacteria,Alphaproteobacteria,Rhizobiales,Rhizobiaceae,Rhizobium,Rhizobium leguminosarum,Rhizobium/Agrobacterium group,,Rhizobium leguminosarum bv. viciae,,,,,,,
Rhizobium leguminosarum bv. viciae,AY491962,78,34,44,No,0,tRNA,0,(()()()),(()()()),--,No,CRW,--,CRW_t_B_17525,--,Yes,root,cellular organisms,Bacteria,Proteobacteria,Alphaproteobacteria,Rhizobiales,Rhizobiaceae,Rhizobium,Rhizobium leguminosarum,Rhizobium/Agrobacterium group,,Rhizobium leguminosarum bv. viciae,,,,,,,
Rhizobium leguminosarum bv. viciae,AY491963,78,34,44,No,0,tRNA,0,(()()()),(()()()),--,No,CRW,--,CRW_t_B_17526,--,Yes,root,cellular organisms,Bacteria,Proteobacteria,Alphaproteobacteria,Rhizobiales,Rhizobiaceae,Rhizobium,Rhizobium leguminosarum,Rhizobium/Agrobacterium group,,Rhizobium leguminosarum bv. viciae,,,,,,,
Rhizobium leguminosarum bv. viciae,AY491964,78,34,44,No,0,tRNA,0,(()()()),(()()()),--,No,CRW,--,CRW_t_B_17527,--,Yes,root,cellular organisms,Bacteria,Proteobacteria,Alphaproteobacteria,Rhizobiales,Rhizobiaceae,Rhizobium,Rhizobium leguminosarum,Rhizobium/Agrobacterium group,,Rhizobium leguminosarum bv. viciae,,,,,,,
Rhizobium tropici,AY491966,78,34,44,No,0,tRNA,0,(()()()),(()()()),--,No,CRW,--,CRW_t_B_17529,--,Yes,root,cellular organisms,Bacteria,Proteobacteria,Alphaproteobacteria,Rhizobiales,Rhizobiaceae,Rhizobium,Rhizobium tropici,Rhizobium/Agrobacterium group,,,,,,,,,
Candidatus Phytoplasma trifolii,AY500130,78,34,44,No,0,tRNA,0,(()()()),(()()()),--,No,CRW,--,CRW_t_B_17561,--,Yes,root,cellular organisms,Bacteria,Tenericutes,Mollicutes,Acholeplasmatales,Acholeplasmataceae,Candidatus Phytoplasma,Candidatus Phytoplasma trifolii,Terrabacteria group,,,,16SrVI (Clover proliferation group),,,,,
Edwardsiella ictaluri,AY706745,78,34,44,No,0,tRNA,0,(()()()),(()()()),--,No,CRW,--,CRW_t_B_17728,--,Yes,root,cellular organisms,Bacteria,Proteobacteria,Gammaproteobacteria,Enterobacterales,Hafniaceae,,Edwardsiella <enterobacteria>,,Edwardsiella ictaluri,,,,,,,,
Edwardsiella tarda,AY706746,78,34,44,No,0,tRNA,0,(()()()),(()()()),--,No,CRW,--,CRW_t_B_17729,--,Yes,root,cellular organisms,Bacteria,Proteobacteria,Gammaproteobacteria,Enterobacterales,Hafniaceae,,Edwardsiella <enterobacteria>,,Edwardsiella tarda,,,,,,,,
Edwardsiella tarda,AY706747,78,34,44,No,0,tRNA,0,(()()()),(()()()),--,No,CRW,--,CRW_t_B_17730,--,Yes,root,cellular organisms,Bacteria,Proteobacteria,Gammaproteobacteria,Enterobacterales,Hafniaceae,,Edwardsiella <enterobacteria>,,Edwardsiella tarda,,,,,,,,
Edwardsiella tarda,AY706748,78,34,44,No,0,tRNA,0,(()()()),(()()()),--,No,CRW,--,CRW_t_B_17731,--,Yes,root,cellular organisms,Bacteria,Proteobacteria,Gammaproteobacteria,Enterobacterales,Hafniaceae,,Edwardsiella <enterobacteria>,,Edwardsiella tarda,,,,,,,,
Anaeromyxobacter dehalogenans 2CP-C,CP000251,78,34,44,No,0,tRNA,0,(()()()),(()()()),--,No,CRW,--,CRW_t_B_18992,--,Yes,root,cellular organisms,Bacteria,Proteobacteria,Deltaproteobacteria,Myxococcales,Anaeromyxobacteraceae,Anaeromyxobacter,Anaeromyxobacter dehalogenans,Anaeromyxobacter dehalogenans 2CP-C,,,,,,,delta/epsilon subdivisions,,Cystobacterineae
Anaeromyxobacter dehalogenans 2CP-C,CP000251,78,34,44,No,0,tRNA,0,(()()()),(()()()),--,No,CRW,--,CRW_t_B_18993,--,Yes,root,cellular organisms,Bacteria,Proteobacteria,Deltaproteobacteria,Myxococcales,Anaeromyxobacteraceae,Anaeromyxobacter,Anaeromyxobacter dehalogenans,Anaeromyxobacter dehalogenans 2CP-C,,,,,,,delta/epsilon subdivisions,,Cystobacterineae
Thermus thermophilus,M25628,78,34,44,No,0,tRNA,0,(()()()),(()()()),--,No,CRW,--,CRW_t_B_19959,--,Yes,root,cellular organisms,Bacteria,Deinococcus-Thermus,Deinococci,Thermales,Thermaceae,Thermus,Thermus thermophilus,Terrabacteria group,,,,,,,,,
Pseudomonas aeruginosa,X06693,78,34,44,No,0,tRNA,0,(()()()),(()()()),--,No,CRW,--,CRW_t_B_20003,--,Yes,root,cellular organisms,Bacteria,Proteobacteria,Gammaproteobacteria,Pseudomonadales,Pseudomonadaceae,Pseudomonas,Pseudomonas aeruginosa,,,,,Pseudomonas aeruginosa group,,,,,
Acidithiobacillus ferrooxidans,X07395,78,34,44,No,0,tRNA,0,(()()()),(()()()),--,No,CRW,--,CRW_t_B_20004,--,Yes,root,cellular organisms,Bacteria,Proteobacteria,Acidithiobacillia,Acidithiobacillales,Acidithiobacillaceae,Acidithiobacillus,Acidithiobacillus ferrooxidans,,,,,,,,,,
Symbiobacterium thermophilum IAM 14863,AP006840,78,34,44,No,0,tRNA,0,(()()()),(()()()),--,No,CRW,--,CRW_t_B_20708,--,Yes,root,cellular organisms,Bacteria,Firmicutes,Clostridia,Clostridiales,Symbiobacteriaceae,Symbiobacterium,Symbiobacterium thermophilum,Terrabacteria group,,Symbiobacterium thermophilum IAM 14863,,,,,,,
Bartonella quintana str. Toulouse,BX897700,78,34,44,No,0,tRNA,0,(()()()),(()()()),--,No,CRW,--,CRW_t_B_20996,--,Yes,root,cellular organisms,Bacteria,Proteobacteria,Alphaproteobacteria,Rhizobiales,Bartonellaceae,Bartonella,Bartonella quintana,Bartonella quintana str. Toulouse,,,,,,,,,
Selenomonas ruminantium,AB100500,78,34,44,No,0,tRNA,0,(),(),--,No,CRW,--,CRW_t_B_22002,--,Yes,root,cellular organisms,Bacteria,Firmicutes,Negativicutes,Selenomonadales,Selenomonadaceae,Selenomonas,Selenomonas ruminantium,Terrabacteria group,,,,,,,,,
Selenomonas ruminantium,AB100500,78,34,44,No,0,tRNA,0,(),(),--,No,CRW,--,CRW_t_B_22003,--,Yes,root,cellular organisms,Bacteria,Firmicutes,Negativicutes,Selenomonadales,Selenomonadaceae,Selenomonas,Selenomonas ruminantium,Terrabacteria group,,,,,,,,,
Bacillus anthracis str. 'Ames Ancestor',AE017334,78,34,44,No,0,tRNA,0,(()()()),(()()()),--,No,CRW,--,CRW_t_B_22282,--,Yes,root,cellular organisms,Bacteria,Firmicutes,Bacilli,Bacillales,Bacillaceae,,Bacillus <bacterium>,Terrabacteria group,Bacillus anthracis,Bacillus anthracis str. 'Ames Ancestor',,Bacillus cereus group,,,,,
Helicobacter acinonychis str. Sheeba,AM260522,78,34,44,No,0,tRNA,0,(()()()),(()()()),--,No,CRW,--,CRW_t_B_22527,--,Yes,root,cellular organisms,Bacteria,Proteobacteria,Epsilonproteobacteria,Campylobacterales,Helicobacteraceae,Helicobacter,Helicobacter acinonychis,Helicobacter acinonychis str. Sheeba,,,,,,,delta/epsilon subdivisions,,
Helicobacter pylori HPAG1,CP000241,78,34,44,No,0,tRNA,0,(()()()),(()()()),--,No,CRW,--,CRW_t_B_23060,--,Yes,root,cellular organisms,Bacteria,Proteobacteria,Epsilonproteobacteria,Campylobacterales,Helicobacteraceae,Helicobacter,Helicobacter pylori,Helicobacter pylori HPAG1,,,,,,,delta/epsilon subdivisions,,
Photobacterium leiognathi,X52969,78,34,44,No,0,tRNA,0,(()()()),(()()()),--,No,CRW,--,CRW_t_B_23737,--,Yes,root,cellular organisms,Bacteria,Proteobacteria,Gammaproteobacteria,Vibrionales,Vibrionaceae,Photobacterium,Photobacterium leiognathi,,,,,,,,,,
Thermotoga maritima,Z11839,78,34,44,No,0,tRNA,0,(()()()),(()()()),--,No,CRW,--,CRW_t_B_23765,--,Yes,root,cellular organisms,Bacteria,,,Thermotogales,Thermotogaceae,Thermotoga,Thermotogae <phylum>,,Thermotogae <class>,,,,,Thermotoga maritima,,,
Bartonella quintana str. Toulouse,BX897700,78,34,44,No,0,tRNA,0,()(),()(),--,No,CRW,--,CRW_t_B_29991,--,Yes,root,cellular organisms,Bacteria,Proteobacteria,Alphaproteobacteria,Rhizobiales,Bartonellaceae,Bartonella,Bartonella quintana,Bartonella quintana str. Toulouse,,,,,,,,,
Francisella tularensis subsp. holarctica OSU18,CP000437,78,34,44,No,0,tRNA,0,()(),()(),--,No,CRW,--,CRW_t_B_30194,--,Yes,root,cellular organisms,Bacteria,Proteobacteria,Gammaproteobacteria,Thiotrichales,Francisellaceae,Francisella,Francisella tularensis,Francisella tularensis subsp. holarctica OSU18,Francisella tularensis subsp. holarctica,,,,,,,,
Klebsiella pneumoniae,DQ643993,78,34,44,No,0,tRNA,0,--,--,--,No,CRW,--,CRW_t_B_31075,--,Yes,root,cellular organisms,Bacteria,Proteobacteria,Gammaproteobacteria,Enterobacterales,Enterobacteriaceae,Klebsiella,Klebsiella pneumoniae,,,,,,,,,,
Shigella flexneri 2a str. 301,AE005674,78,34,44,No,0,tRNA,0,()(),()(),--,No,CRW,--,CRW_t_B_31510,--,Yes,root,cellular organisms,Bacteria,Proteobacteria,Gammaproteobacteria,Enterobacterales,Enterobacteriaceae,Shigella,Shigella flexneri,Shigella flexneri 2a,,Shigella flexneri 2a str. 301,,,,,,,
Bacillus subtilis,M87888,78,34,44,No,0,tRNA,0,(()()()),(()()()),--,No,CRW,--,CRW_t_B_32017,--,Yes,root,cellular organisms,Bacteria,Firmicutes,Bacilli,Bacillales,Bacillaceae,,Bacillus <bacterium>,Terrabacteria group,Bacillus subtilis,,,Bacillus subtilis group,,,,,
Rhodopseudomonas palustris CGA009,BX572601,78,34,44,No,0,tRNA,0,--,--,--,No,CRW,--,CRW_t_B_32055,--,Yes,root,cellular organisms,Bacteria,Proteobacteria,Alphaproteobacteria,Rhizobiales,Bradyrhizobiaceae,Rhodopseudomonas,Rhodopseudomonas palustris,Rhodopseudomonas palustris CGA009,,,,,,,,,
Thermobifida fusca YX,CP000088,78,34,44,No,0,tRNA,0,()(),()(),--,No,CRW,--,CRW_t_B_32154,--,Yes,root,cellular organisms,Bacteria,,,Streptosporangiales,Nocardiopsaceae,Thermobifida,Actinobacteria <phylum>,Terrabacteria group,Actinobacteria <class>,Thermobifida fusca YX,,,,Thermobifida fusca,,,
Nitrobacter winogradskyi Nb-255,CP000115,78,34,44,No,0,tRNA,0,()(),()(),--,No,CRW,--,CRW_t_B_32192,--,Yes,root,cellular organisms,Bacteria,Proteobacteria,Alphaproteobacteria,Rhizobiales,Bradyrhizobiaceae,Nitrobacter,Nitrobacter winogradskyi,Nitrobacter winogradskyi Nb-255,,,,,,,,,
Carboxydothermus hydrogenoformans Z-2901,CP000141,78,34,44,No,0,tRNA,0,()(),()(),--,No,CRW,--,CRW_t_B_32211,--,Yes,root,cellular organisms,Bacteria,Firmicutes,Clostridia,Thermoanaerobacterales,Thermoanaerobacteraceae,Carboxydothermus,Carboxydothermus hydrogenoformans,Terrabacteria group,,Carboxydothermus hydrogenoformans Z-2901,,,,,,,
Rhodobacter sphaeroides 2.4.1,CP000143,78,34,44,No,0,tRNA,0,()(),()(),--,No,CRW,--,CRW_t_B_32218,--,Yes,root,cellular organisms,Bacteria,Proteobacteria,Alphaproteobacteria,Rhodobacterales,Rhodobacteraceae,Rhodobacter,Rhodobacter sphaeroides,Rhodobacter sphaeroides 2.4.1,,,,,,,,,
Geobacter metallireducens GS-15,CP000148,78,34,44,No,0,tRNA,0,()(),()(),--,No,CRW,--,CRW_t_B_32219,--,Yes,root,cellular organisms,Bacteria,Proteobacteria,Deltaproteobacteria,Desulfuromonadales,Geobacteraceae,Geobacter,Geobacter metallireducens,Geobacter metallireducens GS-15,,,,,,,delta/epsilon subdivisions,,
Hyphomonas neptunium ATCC 15444,CP000158,78,34,44,No,0,tRNA,0,(),(),--,No,CRW,--,CRW_t_B_32234,--,Yes,root,cellular organisms,Bacteria,Proteobacteria,Alphaproteobacteria,Rhodobacterales,Hyphomonadaceae,Hyphomonas,Hyphomonas neptunium,Hyphomonas neptunium ATCC 15444,,,,,,,,,
Moorella thermoacetica ATCC 39073,CP000232,78,34,44,No,0,tRNA,0,(),(),--,No,CRW,--,CRW_t_B_32239,--,Yes,root,cellular organisms,Bacteria,Firmicutes,Clostridia,Thermoanaerobacterales,Thermoanaerobacteraceae,,Moorella <bacteria>,Terrabacteria group,Moorella thermoacetica,Moorella group,Moorella thermoacetica ATCC 39073,,,,,,
Moorella thermoacetica ATCC 39073,CP000232,78,34,44,No,0,tRNA,0,(),(),--,No,CRW,--,CRW_t_B_32240,--,Yes,root,cellular organisms,Bacteria,Firmicutes,Clostridia,Thermoanaerobacterales,Thermoanaerobacteraceae,,Moorella <bacteria>,Terrabacteria group,Moorella thermoacetica,Moorella group,Moorella thermoacetica ATCC 39073,,,,,,
Helicobacter pylori HPAG1,CP000241,78,34,44,No,0,tRNA,0,(),(),--,No,CRW,--,CRW_t_B_32258,--,Yes,root,cellular organisms,Bacteria,Proteobacteria,Epsilonproteobacteria,Campylobacterales,Helicobacteraceae,Helicobacter,Helicobacter pylori,Helicobacter pylori HPAG1,,,,,,,delta/epsilon subdivisions,,
Helicobacter pylori HPAG1,CP000241,78,34,44,No,0,tRNA,0,(),(),--,No,CRW,--,CRW_t_B_32259,--,Yes,root,cellular organisms,Bacteria,Proteobacteria,Epsilonproteobacteria,Campylobacterales,Helicobacteraceae,Helicobacter,Helicobacter pylori,Helicobacter pylori HPAG1,,,,,,,delta/epsilon subdivisions,,
Cytophaga hutchinsonii ATCC 33406,CP000383,78,34,44,No,0,tRNA,0,--,--,--,No,CRW,--,CRW_t_B_32358,--,Yes,root,cellular organisms,Bacteria,,Cytophagia,Cytophagales,Cytophagaceae,Cytophaga,Bacteroidetes <phylum>,FCB group,Cytophaga hutchinsonii,Bacteroidetes/Chlorobi group,Cytophaga hutchinsonii ATCC 33406,,,,,,
Cytophaga hutchinsonii ATCC 33406,CP000383,78,34,44,No,0,tRNA,0,--,--,--,No,CRW,--,CRW_t_B_32359,--,Yes,root,cellular organisms,Bacteria,,Cytophagia,Cytophagales,Cytophagaceae,Cytophaga,Bacteroidetes <phylum>,FCB group,Cytophaga hutchinsonii,Bacteroidetes/Chlorobi group,Cytophaga hutchinsonii ATCC 33406,,,,,,
Campylobacter jejuni subsp. jejuni 81-176,CP000538,78,34,44,No,0,tRNA,0,()(),()(),--,No,CRW,--,CRW_t_B_32506,--,Yes,root,cellular organisms,Bacteria,Proteobacteria,Epsilonproteobacteria,Campylobacterales,Campylobacteraceae,Campylobacter,Campylobacter jejuni,Campylobacter jejuni subsp. jejuni 81-176,Campylobacter jejuni subsp. jejuni,,,,,,delta/epsilon subdivisions,,
Methylibium petroleiphilum PM1,CP000556,78,34,44,No,0,tRNA,0,()(),()(),--,No,CRW,--,CRW_t_B_32528,--,Yes,root,cellular organisms,Bacteria,Proteobacteria,Betaproteobacteria,Burkholderiales,,Methylibium,Methylibium petroleiphilum,unclassified Burkholderiales,,Burkholderiales Genera incertae sedis,Methylibium petroleiphilum PM1,,,,,,
Bacteroides fragilis NCTC 9343,CR626927,78,34,44,No,0,tRNA,0,()(),()(),--,No,CRW,--,CRW_t_B_32548,--,Yes,root,cellular organisms,Bacteria,,Bacteroidia,Bacteroidales,Bacteroidaceae,,Bacteroidetes <phylum>,FCB group,Bacteroides <genus>,Bacteroidetes/Chlorobi group,Bacteroides fragilis NCTC 9343,,,Bacteroides fragilis,,,
Bacteroides fragilis NCTC 9343,CR626927,78,34,44,No,0,tRNA,0,()(),()(),--,No,CRW,--,CRW_t_B_32550,--,Yes,root,cellular organisms,Bacteria,,Bacteroidia,Bacteroidales,Bacteroidaceae,,Bacteroidetes <phylum>,FCB group,Bacteroides <genus>,Bacteroidetes/Chlorobi group,Bacteroides fragilis NCTC 9343,,,Bacteroides fragilis,,,
Bacteroides fragilis NCTC 9343,CR626927,78,34,44,No,0,tRNA,0,()(),()(),--,No,CRW,--,CRW_t_B_32551,--,Yes,root,cellular organisms,Bacteria,,Bacteroidia,Bacteroidales,Bacteroidaceae,,Bacteroidetes <phylum>,FCB group,Bacteroides <genus>,Bacteroidetes/Chlorobi group,Bacteroides fragilis NCTC 9343,,,Bacteroides fragilis,,,
Gramella forsetii KT0803,CU207366,78,34,44,No,0,tRNA,0,()(),()(),--,No,CRW,--,CRW_t_B_32591,--,Yes,root,cellular organisms,Bacteria,,Flavobacteriia,Flavobacteriales,Flavobacteriaceae,Gramella,Bacteroidetes <phylum>,FCB group,Gramella forsetii,Bacteroidetes/Chlorobi group,Gramella forsetii KT0803,,,,,,
Gramella forsetii KT0803,CU207366,78,34,44,No,0,tRNA,0,()(),()(),--,No,CRW,--,CRW_t_B_32593,--,Yes,root,cellular organisms,Bacteria,,Flavobacteriia,Flavobacteriales,Flavobacteriaceae,Gramella,Bacteroidetes <phylum>,FCB group,Gramella forsetii,Bacteroidetes/Chlorobi group,Gramella forsetii KT0803,,,,,,
Aeromonas hydrophila,X12977,78,34,44,No,0,tRNA,0,(),(),--,No,CRW,--,CRW_t_B_32778,--,Yes,root,cellular organisms,Bacteria,Proteobacteria,Gammaproteobacteria,Aeromonadales,Aeromonadaceae,Aeromonas,Aeromonas hydrophila,,,,,,,,,,
Bartonella quintana str. Toulouse,BX897700,78,34,44,No,0,tRNA,0,(()()()),(()()()),--,No,CRW,--,CRW_t_B_33196,--,Yes,root,cellular organisms,Bacteria,Proteobacteria,Alphaproteobacteria,Rhizobiales,Bartonellaceae,Bartonella,Bartonella quintana,Bartonella quintana str. Toulouse,,,,,,,,,
Francisella tularensis subsp. holarctica OSU18,CP000437,78,34,44,No,0,tRNA,0,(()()()),(()()()),--,No,CRW,--,CRW_t_B_33358,--,Yes,root,cellular organisms,Bacteria,Proteobacteria,Gammaproteobacteria,Thiotrichales,Francisellaceae,Francisella,Francisella tularensis,Francisella tularensis subsp. holarctica OSU18,Francisella tularensis subsp. holarctica,,,,,,,,
