Organism name,Accession number,Length,Number of decoupled nucleotides,Number of weak bonds,Is Pseudoknotted,Pseudoknot order,Rna Type,Genus,Core,Core plus,Shape,Is Validated,Reference database,Description,Benchmark ID,Reference,Taxonomy.NCBI.Classified,Taxonomy.NCBI.no rank 0,Taxonomy.NCBI.no rank 1,Taxonomy.NCBI.superkingdom,Taxonomy.NCBI.no rank 2,Taxonomy.NCBI.phylum,Taxonomy.NCBI.class,Taxonomy.NCBI.order,Taxonomy.NCBI.family,Taxonomy.NCBI.genus,Taxonomy.NCBI.unknown 0,Taxonomy.NCBI.no rank 3,Taxonomy.NCBI.no rank 4,Taxonomy.NCBI.unknown 1
Streptococcus pyogenes MGAS6180,CP000056,1829,899,930,Yes,1,16S,2,((((()((()()())()())()())())()()([(])))([(()(()()))()(()(])))())(((()((()())((()())(()()))))()())())()(),(((((((((((())))(((((())()())))(((())))(()))()())))((()))))(())(((())))([((])))))([((((((())))(((((()))(())))))))((()))(()(])))(()))(((((((()((((()())))((((((()())(((()))())))))))))(((())))(()))()))))((((((()))))))(),(([(]))([(]))),No,CRW,--,CRW_16S_B_11688,--,No,,,,,,,,,,,,,
Streptococcus pyogenes MGAS6180,CP000056,1829,899,930,Yes,1,16S,2,((((()((()()())()())()())())()()([(])))([(()(()()))()(()(])))())(((()((()())((()())(()()))))()())())()(),(((((((((((())))(((((())()())))(((())))(()))()())))((()))))(())(((())))([((])))))([((((((())))(((((()))(())))))))((()))(()(])))(()))(((((((()((((()())))((((((()())(((()))())))))))))(((())))(()))()))))((((((()))))))(),(([(]))([(]))),No,CRW,--,CRW_16S_B_11689,--,No,,,,,,,,,,,,,
Streptococcus pyogenes MGAS6180,CP000056,1829,899,930,Yes,1,16S,2,((((()((()()())()())()())())()()([(])))([(()(()()))()(()(])))())(((()((()())((()())(()()))))()())())()(),(((((((((((())))(((((())()())))(((())))(()))()())))((()))))(())(((())))([((])))))([((((((())))(((((()))(())))))))((()))(()(])))(()))(((((((()((((()())))((((((()())(((()))())))))))))(((())))(()))()))))((((((()))))))(),(([(]))([(]))),No,CRW,--,CRW_16S_B_11690,--,No,,,,,,,,,,,,,
Streptococcus pyogenes MGAS6180,CP000056,1829,899,930,Yes,1,16S,2,((((()((()()())()())()())())()()([(])))([(()(()()))()(()(])))())(((()((()())((()())(()()))))()())())()(),(((((((((((())))(((((())()())))(((())))(()))()())))((()))))(())(((())))([((])))))([((((((())))(((((()))(())))))))((()))(()(])))(()))(((((((()((((()())))((((((()())(((()))())))))))))(((())))(()))()))))((((((()))))))(),(([(]))([(]))),No,CRW,--,CRW_16S_B_11691,--,No,,,,,,,,,,,,,
Streptococcus pyogenes MGAS9429,CP000259,1829,899,930,Yes,1,16S,2,((((()((()()())()())()())())()()([(])))([(()(()()))()(()(])))())(((()((()())((()())(()()))))()())())()(),(((((((((((())))(((((())()())))(((())))(()))()())))((()))))(())(((())))([((])))))([((((((())))(((((()))(())))))))((()))(()(])))(()))(((((((()((((()())))((((((()())(((()))())))))))))(((())))(()))()))))((((((()))))))(),(([(]))([(]))),No,CRW,--,CRW_16S_B_11711,--,No,,,,,,,,,,,,,
Streptococcus pyogenes MGAS9429,CP000259,1829,899,930,Yes,1,16S,2,((((()((()()())()())()())())()()([(])))([(()(()()))()(()(])))())(((()((()())((()())(()()))))()())())()(),(((((((((((())))(((((())()())))(((())))(()))()())))((()))))(())(((())))([((])))))([((((((())))(((((()))(())))))))((()))(()(])))(()))(((((((()((((()())))((((((()())(((()))())))))))))(((())))(()))()))))((((((()))))))(),(([(]))([(]))),No,CRW,--,CRW_16S_B_11712,--,No,,,,,,,,,,,,,
Streptococcus pyogenes MGAS9429,CP000259,1829,899,930,Yes,1,16S,2,((((()((()()())()())()())())()()([(])))([(()(()()))()(()(])))())(((()((()())((()())(()()))))()())())()(),(((((((((((())))(((((())()())))(((())))(()))()())))((()))))(())(((())))([((])))))([((((((())))(((((()))(())))))))((()))(()(])))(()))(((((((()((((()())))((((((()())(((()))())))))))))(((())))(()))()))))((((((()))))))(),(([(]))([(]))),No,CRW,--,CRW_16S_B_11713,--,No,,,,,,,,,,,,,
Streptococcus pyogenes MGAS9429,CP000259,1829,899,930,Yes,1,16S,2,((((()((()()())()())()())())()()([(])))([(()(()()))()(()(])))())(((()((()())((()())(()()))))()())())()(),(((((((((((())))(((((())()())))(((())))(()))()())))((()))))(())(((())))([((])))))([((((((())))(((((()))(())))))))((()))(()(])))(()))(((((((()((((()())))((((((()())(((()))())))))))))(((())))(()))()))))((((((()))))))(),(([(]))([(]))),No,CRW,--,CRW_16S_B_11714,--,No,,,,,,,,,,,,,
Streptococcus pyogenes MGAS10270,CP000260,1829,899,930,Yes,1,16S,2,((((()((()()())()())()())())()()([(])))([(()(()()))()(()(])))())(((()((()())((()())(()()))))()())())()(),(((((((((((())))(((((())()())))(((())))(()))()())))((()))))(())(((())))([((])))))([((((((())))(((((()))(())))))))((()))(()(])))(()))(((((((()((((()())))((((((()())(((()))())))))))))(((())))(()))()))))((((((()))))))(),(([(]))([(]))),No,CRW,--,CRW_16S_B_11717,--,Yes,root,cellular organisms,Bacteria,Terrabacteria group,Firmicutes,Bacilli,Lactobacillales,Streptococcaceae,Streptococcus,Streptococcus pyogenes,Streptococcus pyogenes serotype M2,Streptococcus pyogenes MGAS10270,
Streptococcus pyogenes MGAS10270,CP000260,1829,899,930,Yes,1,16S,2,((((()((()()())()())()())())()()([(])))([(()(()()))()(()(])))())(((()((()())((()())(()()))))()())())()(),(((((((((((())))(((((())()())))(((())))(()))()())))((()))))(())(((())))([((])))))([((((((())))(((((()))(())))))))((()))(()(])))(()))(((((((()((((()())))((((((()())(((()))())))))))))(((())))(()))()))))((((((()))))))(),(([(]))([(]))),No,CRW,--,CRW_16S_B_11718,--,Yes,root,cellular organisms,Bacteria,Terrabacteria group,Firmicutes,Bacilli,Lactobacillales,Streptococcaceae,Streptococcus,Streptococcus pyogenes,Streptococcus pyogenes serotype M2,Streptococcus pyogenes MGAS10270,
Streptococcus pyogenes MGAS10270,CP000260,1829,899,930,Yes,1,16S,2,((((()((()()())()())()())())()()([(])))([(()(()()))()(()(])))())(((()((()())((()())(()()))))()())())()(),(((((((((((())))(((((())()())))(((())))(()))()())))((()))))(())(((())))([((])))))([((((((())))(((((()))(())))))))((()))(()(])))(()))(((((((()((((()())))((((((()())(((()))())))))))))(((())))(()))()))))((((((()))))))(),(([(]))([(]))),No,CRW,--,CRW_16S_B_11719,--,Yes,root,cellular organisms,Bacteria,Terrabacteria group,Firmicutes,Bacilli,Lactobacillales,Streptococcaceae,Streptococcus,Streptococcus pyogenes,Streptococcus pyogenes serotype M2,Streptococcus pyogenes MGAS10270,
Streptococcus pyogenes MGAS10270,CP000260,1829,899,930,Yes,1,16S,2,((((()((()()())()())()())())()()([(])))([(()(()()))()(()(])))())(((()((()())((()())(()()))))()())())()(),(((((((((((())))(((((())()())))(((())))(()))()())))((()))))(())(((())))([((])))))([((((((())))(((((()))(())))))))((()))(()(])))(()))(((((((()((((()())))((((((()())(((()))())))))))))(((())))(()))()))))((((((()))))))(),(([(]))([(]))),No,CRW,--,CRW_16S_B_11720,--,Yes,root,cellular organisms,Bacteria,Terrabacteria group,Firmicutes,Bacilli,Lactobacillales,Streptococcaceae,Streptococcus,Streptococcus pyogenes,Streptococcus pyogenes serotype M2,Streptococcus pyogenes MGAS10270,
Streptococcus pyogenes MGAS2096,CP000261,1829,899,930,Yes,1,16S,2,((((()((()()())()())()())())()()([(])))([(()(()()))()(()(])))())(((()((()())((()())(()()))))()())())()(),(((((((((((())))(((((())()())))(((())))(()))()())))((()))))(())(((())))([((])))))([((((((())))(((((()))(())))))))((()))(()(])))(()))(((((((()((((()())))((((((()())(((()))())))))))))(((())))(()))()))))((((((()))))))(),(([(]))([(]))),No,CRW,--,CRW_16S_B_11723,--,No,,,,,,,,,,,,,
Streptococcus pyogenes MGAS2096,CP000261,1829,899,930,Yes,1,16S,2,((((()((()()())()())()())())()()([(])))([(()(()()))()(()(])))())(((()((()())((()())(()()))))()())())()(),(((((((((((())))(((((())()())))(((())))(()))()())))((()))))(())(((())))([((])))))([((((((())))(((((()))(())))))))((()))(()(])))(()))(((((((()((((()())))((((((()())(((()))())))))))))(((())))(()))()))))((((((()))))))(),(([(]))([(]))),No,CRW,--,CRW_16S_B_11724,--,No,,,,,,,,,,,,,
Streptococcus pyogenes MGAS2096,CP000261,1829,899,930,Yes,1,16S,2,((((()((()()())()())()())())()()([(])))([(()(()()))()(()(])))())(((()((()())((()())(()()))))()())())()(),(((((((((((())))(((((())()())))(((())))(()))()())))((()))))(())(((())))([((])))))([((((((())))(((((()))(())))))))((()))(()(])))(()))(((((((()((((()())))((((((()())(((()))())))))))))(((())))(()))()))))((((((()))))))(),(([(]))([(]))),No,CRW,--,CRW_16S_B_11725,--,No,,,,,,,,,,,,,
Streptococcus pyogenes MGAS2096,CP000261,1829,899,930,Yes,1,16S,2,((((()((()()())()())()())())()()([(])))([(()(()()))()(()(])))())(((()((()())((()())(()()))))()())())()(),(((((((((((())))(((((())()())))(((())))(()))()())))((()))))(())(((())))([((])))))([((((((())))(((((()))(())))))))((()))(()(])))(()))(((((((()((((()())))((((((()())(((()))())))))))))(((())))(()))()))))((((((()))))))(),(([(]))([(]))),No,CRW,--,CRW_16S_B_11726,--,No,,,,,,,,,,,,,
Streptococcus pyogenes MGAS10750,CP000262,1829,899,930,Yes,1,16S,2,((((()((()()())()())()())())()()([(])))([(()(()()))()(()(])))())(((()((()())((()())(()()))))()())())()(),(((((((((((())))(((((())()())))(((())))(()))()())))((()))))(())(((())))([((])))))([((((((())))(((((()))(())))))))((()))(()(])))(()))(((((((()((((()())))((((((()())(((()))())))))))))(((())))(()))()))))((((((()))))))(),(([(]))([(]))),No,CRW,--,CRW_16S_B_11729,--,No,,,,,,,,,,,,,
Streptococcus pyogenes MGAS10750,CP000262,1829,899,930,Yes,1,16S,2,((((()((()()())()())()())())()()([(])))([(()(()()))()(()(])))())(((()((()())((()())(()()))))()())())()(),(((((((((((())))(((((())()())))(((())))(()))()())))((()))))(())(((())))([((])))))([((((((())))(((((()))(())))))))((()))(()(])))(()))(((((((()((((()())))((((((()())(((()))())))))))))(((())))(()))()))))((((((()))))))(),(([(]))([(]))),No,CRW,--,CRW_16S_B_11730,--,No,,,,,,,,,,,,,
Streptococcus pyogenes MGAS10750,CP000262,1829,899,930,Yes,1,16S,2,((((()((()()())()())()())())()()([(])))([(()(()()))()(()(])))())(((()((()())((()())(()()))))()())())()(),(((((((((((())))(((((())()())))(((())))(()))()())))((()))))(())(((())))([((])))))([((((((())))(((((()))(())))))))((()))(()(])))(()))(((((((()((((()())))((((((()())(((()))())))))))))(((())))(()))()))))((((((()))))))(),(([(]))([(]))),No,CRW,--,CRW_16S_B_11731,--,No,,,,,,,,,,,,,
Streptococcus pyogenes MGAS10750,CP000262,1829,899,930,Yes,1,16S,2,((((()((()()())()())()())())()()([(])))([(()(()()))()(()(])))())(((()((()())((()())(()()))))()())())()(),(((((((((((())))(((((())()())))(((())))(()))()())))((()))))(())(((())))([((])))))([((((((())))(((((()))(())))))))((()))(()(])))(()))(((((((()((((()())))((((((()())(((()))())))))))))(((())))(()))()))))((((((()))))))(),(([(]))([(]))),No,CRW,--,CRW_16S_B_11732,--,No,,,,,,,,,,,,,
Bacillus megaterium,DQ904608,1814,990,824,Yes,1,16S,2,(((()((()()())()())()())())()()([(])))([(()(()()))()(()(])))()(((()((()())((()())(()()))))()())()),((((((((()))(((((())()())))(((())))(()))()())))((()))))(())(((())))([((]))))([((((((())))((((((()))(()))))))))((()))(()(])))(())(((((((()(((()(())))((((((()())(((()))())))))))))(((())))(()))())))),([(]))([(])),No,CRW,--,CRW_16S_B_14937,--,Yes,root,cellular organisms,Bacteria,Terrabacteria group,Firmicutes,Bacilli,Bacillales,Bacillaceae,,Bacillus <bacterium>,,,Bacillus megaterium
Bacillus simplex,DQ904609,1851,1025,826,Yes,1,16S,2,(((()((()()())()())()())())()()([(])))([(()(()()))()(()(])))()(((()((()())((()())(()()))))()())()),((((((((((((())))))((((((())()())))(((())))(())))()())))((()))))(())(((())))([((])))))([((((((())))((((((()))(()))))))))((()))(()(])))(())(((((((()(((()(())))((((((()())(((()))())))))))))(((())))(()))())))),([(]))([(])),No,CRW,--,CRW_16S_B_14938,--,Yes,root,cellular organisms,Bacteria,Terrabacteria group,Firmicutes,Bacilli,Bacillales,Bacillaceae,,Bacillus <bacterium>,,,Bacillus simplex
Thermoanaerobacter acetoethylicus,X69336,1740,810,930,Yes,1,16S,4,[(](((()((()()())()())()())())()[(()])([(])))([((()(()()))()(()(]))))())(((()((()())((()())(()()))))()())())()(),[(](((((((((()))(((((())()())))(((())))(()))()())))((()))))(())[((())])([((])))))([((((((((()))))(((((()))(())))))))((()))(()(]))))(()))(((((((()(((()(())))((((((()())(((()))())))))))))(((())))(()))()))))(((((((((())))))))))(),[(]([(])([(])))([(]))),No,CRW,--,CRW_16S_B_16432,--,Yes,root,cellular organisms,Bacteria,Terrabacteria group,Firmicutes,Clostridia,Thermoanaerobacterales,Thermoanaerobacteraceae,Thermoanaerobacter,Thermoanaerobacter acetoethylicus,,,
Thermoanaerobacter acetoethylicus,L09163,1740,810,930,Yes,1,16S,4,[(](((()((()()())()())()())())()[(()])([(])))([((()(()()))()(()(]))))())(((()((()())((()())(()()))))()())())()(),[(](((((((((()))(((((())()())))(((())))(()))()())))((()))))(())[((())])([((])))))([((((((((()))))(((((()))(())))))))((()))(()(]))))(()))(((((((()(((()(())))((((((()())(((()))())))))))))(((())))(()))()))))(((((((((())))))))))(),[(]([(])([(])))([(]))),No,CRW,--,CRW_16S_B_16433,--,Yes,root,cellular organisms,Bacteria,Terrabacteria group,Firmicutes,Clostridia,Thermoanaerobacterales,Thermoanaerobacteraceae,Thermoanaerobacter,Thermoanaerobacter acetoethylicus,,,
Thermoanaerobacter ethanolicus,L09162,1740,808,932,Yes,1,16S,4,[(](((()((()()())()())()())())()[(()])([(])))([((()(()()))()(()(]))))())(((()((()())((()())(()()))))()())())()(),[(](((((((((()))(((((())()())))(((())))(()))()())))((()))))(())[((())])([((])))))([((((((((()))))(((((()))(())))))))((()))(()(]))))(()))(((((((()(((()(())))((((((()())(((()))())))))))))(((())))(()))()))))((((((((()))))))))(),[(]([(])([(])))([(]))),No,CRW,--,CRW_16S_B_16440,--,Yes,root,cellular organisms,Bacteria,Terrabacteria group,Firmicutes,Clostridia,Thermoanaerobacterales,Thermoanaerobacteraceae,Thermoanaerobacter,Thermoanaerobacter ethanolicus,,,
Thermoanaerobacter thermohydrosulfuricus,L09161,1768,852,916,Yes,1,16S,4,[(](((()((()()())()())()())())()[(()])([(])))([((()(()()))()(()(]))))())(((()((()())((()())(()()))))()())())()(),[(]((((((((())(((((())()())))(((())))(()))()())))((()))))(())[((())])([((])))))([((((((((()))))(((((()))(())))))))((()))(()(]))))(()))(((((((()(((()(())))((((((()())(((()))())))))))))(((())))(()))()))))((((((((()))))))))(),[(]([(])([(])))([(]))),No,CRW,--,CRW_16S_B_16448,--,Yes,root,cellular organisms,Bacteria,Terrabacteria group,Firmicutes,Clostridia,Thermoanaerobacterales,Thermoanaerobacteraceae,Thermoanaerobacter,Thermoanaerobacter thermohydrosulfuricus,,,
Streptomyces coelicolor A3(2),AL939114,1758,826,932,Yes,1,16S,4,([)(((()((()()())()())()())())()[(()])([(])))([((()(()()))()(()(]))))()](((()((()())((()())(()()))))()())())()(),([)((((((((((())))(((((())()())))(((())))(()))()())))((()))))(())[((())])([((])))))([(((((((())))(((((()))(())))))))((()))(()(]))))(())](((((((()((()())((((((()())(((()))())))))))))(((())))(()))()))))((((((((()))))))))(),([)([(])([(])))([(]))],No,CRW,--,CRW_16S_B_4300,--,No,,,,,,,,,,,,,
