Organism name,Accession number,Length,Number of decoupled nucleotides,Number of weak bonds,Is Pseudoknotted,Pseudoknot order,Rna Type,Genus,Core,Core plus,Shape,Is Validated,Reference database,Description,Benchmark ID,Reference,Taxonomy.LTP.Classified,Taxonomy.LTP.superkingdom,Taxonomy.LTP.phylum,Taxonomy.LTP.class,Taxonomy.LTP.order,Taxonomy.LTP.family,Taxonomy.LTP.unknown 0,Taxonomy.LTP.unknown 1,Taxonomy.LTP.unknown 2
Halorubrum sodomense,AB003404,72,28,44,No,0,tRNA,0,(()()()),(()()()),--,No,CRW,--,CRW_t_A_10,--,Yes,Archaea,Euryarchaeota,Halobacteria,Haloferacales,Halorubraceae,,,
Halorubrum saccharovorum,AB003405,72,28,44,No,0,tRNA,0,(()()()),(()()()),--,No,CRW,--,CRW_t_A_11,--,Yes,Archaea,Euryarchaeota,Halobacteria,Haloferacales,Halorubraceae,,,
Halorubrum distributum,AB003407,72,28,44,No,0,tRNA,0,(()()()),(()()()),--,No,CRW,--,CRW_t_A_13,--,Yes,Archaea,Euryarchaeota,Halobacteria,Haloferacales,Halorubraceae,,,
Halorubrum coriense,AB003408,72,28,44,No,0,tRNA,0,(()()()),(()()()),--,No,CRW,--,CRW_t_A_14,--,Yes,Archaea,Euryarchaeota,Halobacteria,Haloferacales,Halorubraceae,,,
Natronobacterium gregoryi,AB003410,72,28,44,No,0,tRNA,0,(()()()),(()()()),--,No,CRW,--,CRW_t_A_16,--,Yes,Archaea,Euryarchaeota,Halobacteria,Natrialbales,Natrialbaceae,,,
Halorubrum vacuolatum,AB003411,72,28,44,No,0,tRNA,0,(()()()),(()()()),--,No,CRW,--,CRW_t_A_17,--,Yes,Archaea,Euryarchaeota,Halobacteria,Haloferacales,Halorubraceae,,,
Halosimplex carlsbadense,AB072815,72,28,44,No,0,tRNA,0,(()()()),(()()()),--,No,CRW,--,CRW_t_A_47,--,Yes,Archaea,Euryarchaeota,Halobacteria,Halobacteriales,Haloarculaceae,,,
Halosimplex carlsbadense,AB072816,72,28,44,No,0,tRNA,0,(()()()),(()()()),--,No,CRW,--,CRW_t_A_48,--,Yes,Archaea,Euryarchaeota,Halobacteria,Halobacteriales,Haloarculaceae,,,
Haloferax volcanii,K02507,75,31,44,No,0,tRNA,0,(()()()),(()()()),--,No,CRW,--,CRW_t_A_224,--,Yes,Archaea,Euryarchaeota,Halobacteria,Haloferacales,Haloferacaceae,,,
Pyrobaculum aerophilum,AE009773,72,28,44,No,0,tRNA,0,(()()()),(()()()),--,No,CRW,--,CRW_t_A_225,--,Yes,Archaea,Crenarchaeota,,,,Conexivisphaeria,Conexivisphaerales,Conexivisphaeraceae
Haloarcula marismortui,AF034619,72,28,44,No,0,tRNA,0,(()()()),(()()()),--,No,CRW,--,CRW_t_A_559,--,Yes,Archaea,Euryarchaeota,Halobacteria,Halobacteriales,Haloarculaceae,,,
Haloferax volcanii,K02506,75,31,44,No,0,tRNA,0,(()()()),(()()()),--,No,CRW,--,CRW_t_A_1295,--,Yes,Archaea,Euryarchaeota,Halobacteria,Haloferacales,Haloferacaceae,,,
Thermoplasma acidophilum,AL445067,72,28,44,No,0,tRNA,0,(()()()),(()()()),--,No,CRW,--,CRW_t_A_1589,--,Yes,Archaea,Euryarchaeota,Thermoplasmata,Thermoplasmatales,Thermoplasmataceae,,,
Thermoplasma acidophilum,AL445067,72,28,44,No,0,tRNA,0,(()()()),(()()()),--,No,CRW,--,CRW_t_A_1590,--,Yes,Archaea,Euryarchaeota,Thermoplasmata,Thermoplasmatales,Thermoplasmataceae,,,
Archaeoglobus fulgidus,M19340,72,28,44,No,0,tRNA,0,(()()()),(()()()),--,No,CRW,--,CRW_t_A_1847,--,Yes,Archaea,Euryarchaeota,Archaeoglobi,Archaeoglobales,Archaeoglobaceae,,,
Archaeoglobus fulgidus,AE000965,72,28,44,No,0,tRNA,0,(()()()),(()()()),--,No,CRW,--,CRW_t_A_1848,--,Yes,Archaea,Euryarchaeota,Archaeoglobi,Archaeoglobales,Archaeoglobaceae,,,
Haloferax volcanii,K02508,75,31,44,No,0,tRNA,0,(()()()),(()()()),--,No,CRW,--,CRW_t_A_1849,--,Yes,Archaea,Euryarchaeota,Halobacteria,Haloferacales,Haloferacaceae,,,
Methanothermus fervidus,M32222,74,30,44,No,0,tRNA,0,(()()()),(()()()),--,No,CRW,--,CRW_t_A_1852,--,Yes,Archaea,Euryarchaeota,Methanobacteria,Methanobacteriales,Methanothermaceae,,,
Methanospirillum hungatei,M19342,73,29,44,No,0,tRNA,0,(()()()),(()()()),--,No,CRW,--,CRW_t_A_1853,--,Yes,Archaea,Euryarchaeota,Methanomicrobia,Methanomicrobiales,Methanospirillaceae,,,
Methanothermobacter thermautotrophicus,AE000940,74,30,44,No,0,tRNA,0,(()()()),(()()()),--,No,CRW,--,CRW_t_A_1854,--,Yes,Archaea,Euryarchaeota,Methanobacteria,Methanobacteriales,Methanobacteriaceae,,,
Methanococcus vannielii,X00083,73,29,44,No,0,tRNA,0,(()()()),(()((()))()),--,No,CRW,--,CRW_t_A_1855,--,Yes,Archaea,Euryarchaeota,Methanococci,Methanococcales,Methanococcaceae,,,
Pyrobaculum aerophilum,AE009773,72,28,44,No,0,tRNA,0,(()()()),(()()()),--,No,CRW,--,CRW_t_A_1856,--,Yes,Archaea,Crenarchaeota,,,,Conexivisphaeria,Conexivisphaerales,Conexivisphaeraceae
Pyrococcus woesei,AY519654,78,34,44,No,0,tRNA,0,(()()()),(()()()),--,No,CRW,--,CRW_t_A_2212,--,Yes,Archaea,Euryarchaeota,Thermococci,Thermococcales,Thermococcaceae,,,
Haloquadratum walsbyi,DQ314493,72,28,44,No,0,tRNA,0,(()()()),(()()()),--,No,CRW,--,CRW_t_A_4110,--,Yes,Archaea,Euryarchaeota,Halobacteria,Haloferacales,Haloferacaceae,,,
Haloquadratum walsbyi,DQ314494,72,28,44,No,0,tRNA,0,(()()()),(()()()),--,No,CRW,--,CRW_t_A_4111,--,Yes,Archaea,Euryarchaeota,Halobacteria,Haloferacales,Haloferacaceae,,,
Halobacterium salinarum,D32120,72,28,44,No,0,tRNA,0,(),(),--,No,CRW,--,CRW_t_A_4357,--,Yes,Archaea,Euryarchaeota,Halobacteria,Halobacteriales,Halobacteriaceae,,,
Halobacterium salinarum,K02971,77,33,44,No,0,tRNA,0,(),(),--,No,CRW,--,CRW_t_A_4358,--,Yes,Archaea,Euryarchaeota,Halobacteria,Halobacteriales,Halobacteriaceae,,,
Haloferax volcanii,M19341,71,27,44,No,0,tRNA,0,(),(),--,No,CRW,--,CRW_t_A_4359,--,Yes,Archaea,Euryarchaeota,Halobacteria,Haloferacales,Haloferacaceae,,,
Haloferax volcanii,K02506,75,31,44,No,0,tRNA,0,(),(),--,No,CRW,--,CRW_t_A_4360,--,Yes,Archaea,Euryarchaeota,Halobacteria,Haloferacales,Haloferacaceae,,,
Haloferax volcanii,K02507,75,31,44,No,0,tRNA,0,(),(),--,No,CRW,--,CRW_t_A_4361,--,Yes,Archaea,Euryarchaeota,Halobacteria,Haloferacales,Haloferacaceae,,,
Haloferax volcanii,K02508,75,31,44,No,0,tRNA,0,(),(),--,No,CRW,--,CRW_t_A_4362,--,Yes,Archaea,Euryarchaeota,Halobacteria,Haloferacales,Haloferacaceae,,,
Halobacterium salinarum,K00142,75,31,44,No,0,tRNA,0,(()()()),(()()()),--,No,CRW,--,CRW_t_A_4363,--,Yes,Archaea,Euryarchaeota,Halobacteria,Halobacteriales,Halobacteriaceae,,,
Haloferax mediterranei,AF093412,72,28,44,No,0,tRNA,0,(()()()),(()(())()),--,No,CRW,--,CRW_t_A_4364,--,Yes,Archaea,Euryarchaeota,Halobacteria,Haloferacales,Haloferacaceae,,,
Methanospirillum hungatei,M19342,73,29,44,No,0,tRNA,0,(()()()),(()()()),--,No,CRW,--,CRW_t_A_4381,--,Yes,Archaea,Euryarchaeota,Methanomicrobia,Methanomicrobiales,Methanospirillaceae,,,
Natronococcus amylolyticus,D43628,76,32,44,No,0,tRNA,0,(()()()),(()()()),--,No,CRW,--,CRW_t_A_4386,--,Yes,Archaea,Euryarchaeota,Halobacteria,Natrialbales,Natrialbaceae,,,
Pyrococcus furiosus,L36458,78,34,44,No,0,tRNA,0,(()()()),(()()()),--,No,CRW,--,CRW_t_A_4406,--,Yes,Archaea,Euryarchaeota,Thermococci,Thermococcales,Thermococcaceae,,,
Thermococcus celer,M19344,77,33,44,No,0,tRNA,0,(()()()),(()()()),--,No,CRW,--,CRW_t_A_4431,--,Yes,Archaea,Euryarchaeota,Thermococci,Thermococcales,Thermococcaceae,,,
Methanococcus vannielii,X00083,73,29,44,No,0,tRNA,0,(()()()),(()()()),--,No,CRW,--,CRW_t_A_4459,--,Yes,Archaea,Euryarchaeota,Methanococci,Methanococcales,Methanococcaceae,,,
Halobacterium salinarum,X02703,75,31,44,No,0,tRNA,0,(()()()),(()()()),--,No,CRW,--,CRW_t_A_4464,--,Yes,Archaea,Euryarchaeota,Halobacteria,Halobacteriales,Halobacteriaceae,,,
Halobacterium salinarum,X03407,72,28,44,No,0,tRNA,0,(()()()),(()()()),--,No,CRW,--,CRW_t_A_4466,--,Yes,Archaea,Euryarchaeota,Halobacteria,Halobacteriales,Halobacteriaceae,,,
Thermoproteus tenax,X05069,72,28,44,No,0,tRNA,0,(()()()),(()()()),--,No,CRW,--,CRW_t_A_4470,--,Yes,Archaea,Crenarchaeota,,,,Conexivisphaeria,Conexivisphaerales,Conexivisphaeraceae
Thermoproteus tenax,X05070,72,28,44,No,0,tRNA,0,(()()()),(()()()),--,No,CRW,--,CRW_t_A_4471,--,Yes,Archaea,Crenarchaeota,,,,Conexivisphaeria,Conexivisphaerales,Conexivisphaeraceae
Methanothermobacter thermautotrophicus,X15364,75,31,44,No,0,tRNA,0,()(),()(),--,No,CRW,--,CRW_t_A_4477,--,Yes,Archaea,Euryarchaeota,Methanobacteria,Methanobacteriales,Methanobacteriaceae,,,
Methanosarcina mazei,X69874,73,29,44,No,0,tRNA,0,(()()()),(()()()),--,No,CRW,--,CRW_t_A_4497,--,Yes,Archaea,Euryarchaeota,Methanomicrobia,Methanosarcinales,Methanosarcinaceae,,,
Natrialba magadii,X72495,75,31,44,No,0,tRNA,0,(),(),--,No,CRW,--,CRW_t_A_4502,--,Yes,Archaea,Euryarchaeota,Halobacteria,Natrialbales,Natrialbaceae,,,
Halococcus morrhuae,X72588,63,35,28,No,0,tRNA,0,(()()()),(()()()),--,No,CRW,--,CRW_t_A_4504,--,Yes,Archaea,Euryarchaeota,Halobacteria,Halobacteriales,Halococcaceae,,,
Thermoplasma acidophilum,AL445065,73,29,44,No,0,tRNA,0,(()()()),(()()()),--,No,CRW,--,CRW_t_A_4893,--,Yes,Archaea,Euryarchaeota,Thermoplasmata,Thermoplasmatales,Thermoplasmataceae,,,
Methanothermus fervidus,M26978,74,30,44,No,0,tRNA,0,(()()()),(()()()),--,No,CRW,--,CRW_t_A_5704,--,Yes,Archaea,Euryarchaeota,Methanobacteria,Methanobacteriales,Methanothermaceae,,,
Halobacterium salinarum,X03195,76,32,44,No,0,tRNA,0,(()()()),(()()()),--,No,CRW,--,CRW_t_A_5710,--,Yes,Archaea,Euryarchaeota,Halobacteria,Halobacteriales,Halobacteriaceae,,,
Methanothermus fervidus,M26978,74,30,44,No,0,tRNA,0,(()()()),(()()()),--,No,CRW,--,CRW_t_A_5711,--,Yes,Archaea,Euryarchaeota,Methanobacteria,Methanobacteriales,Methanothermaceae,,,
Methanothermobacter thermautotrophicus,X06788,78,34,44,No,0,tRNA,0,(()()()),(()()()),--,No,CRW,--,CRW_t_A_5735,--,Yes,Archaea,Euryarchaeota,Methanobacteria,Methanobacteriales,Methanobacteriaceae,,,
Halobacterium salinarum,X03195,76,32,44,No,0,tRNA,0,(()()()),(()()()),--,No,CRW,--,CRW_t_A_5767,--,Yes,Archaea,Euryarchaeota,Halobacteria,Halobacteriales,Halobacteriaceae,,,
Methanothermobacter thermautotrophicus,X06788,78,34,44,No,0,tRNA,0,(()()()),(()()()),--,No,CRW,--,CRW_t_A_5770,--,Yes,Archaea,Euryarchaeota,Methanobacteria,Methanobacteriales,Methanobacteriaceae,,,
Thermoplasma acidophilum,AL445065,73,29,44,No,0,tRNA,0,(()()()),(()()()),--,No,CRW,--,CRW_t_A_6164,--,Yes,Archaea,Euryarchaeota,Thermoplasmata,Thermoplasmatales,Thermoplasmataceae,,,
Haloferax volcanii,K00170,76,32,44,No,0,tRNA,0,(()()()),(()()()),--,No,CRW,--,CRW_t_A_7048,--,Yes,Archaea,Euryarchaeota,Halobacteria,Haloferacales,Haloferacaceae,,,
Methanothermus fervidus,M26977,72,28,44,No,0,tRNA,0,(()()()),(()()()),--,No,CRW,--,CRW_t_A_7049,--,Yes,Archaea,Euryarchaeota,Methanobacteria,Methanobacteriales,Methanothermaceae,,,
Methanobacterium formicicum,AF443995,74,30,44,No,0,tRNA,0,(()()()),(()()()),--,No,CRW,--,CRW_t_A_7050,--,Yes,Archaea,Euryarchaeota,Methanobacteria,Methanobacteriales,Methanobacteriaceae,,,
Methanococcus vannielii,X00916,75,31,44,No,0,tRNA,0,(()()()),(()()()),--,No,CRW,--,CRW_t_A_7051,--,Yes,Archaea,Euryarchaeota,Methanococci,Methanococcales,Methanococcaceae,,,
Haloferax volcanii,K00170,76,32,44,No,0,tRNA,0,(()()()),(()()()),--,No,CRW,--,CRW_t_A_7126,--,Yes,Archaea,Euryarchaeota,Halobacteria,Haloferacales,Haloferacaceae,,,
Methanothermus fervidus,M26977,72,28,44,No,0,tRNA,0,(()()()),(()()()),--,No,CRW,--,CRW_t_A_7130,--,Yes,Archaea,Euryarchaeota,Methanobacteria,Methanobacteriales,Methanothermaceae,,,
Thermococcus celer,L07321,78,34,44,No,0,tRNA,0,--,--,--,No,CRW,--,CRW_t_A_7154,--,Yes,Archaea,Euryarchaeota,Thermococci,Thermococcales,Thermococcaceae,,,
Methanococcus vannielii,X00916,76,32,44,No,0,tRNA,0,(()()()),(()()()),--,No,CRW,--,CRW_t_A_7181,--,Yes,Archaea,Euryarchaeota,Methanococci,Methanococcales,Methanococcaceae,,,
Methanococcus vannielii,X00916,75,31,44,No,0,tRNA,0,(()()()),(()()()),--,No,CRW,--,CRW_t_A_7182,--,Yes,Archaea,Euryarchaeota,Methanococci,Methanococcales,Methanococcaceae,,,
Thermococcus celer,X07692,78,34,44,No,0,tRNA,0,(()()()),(()()()),--,No,CRW,--,CRW_t_A_7193,--,Yes,Archaea,Euryarchaeota,Thermococci,Thermococcales,Thermococcaceae,,,
Haloquadratum walsbyi,DQ314493,76,32,44,No,0,tRNA,0,--,--,--,No,CRW,--,CRW_t_A_7899,--,Yes,Archaea,Euryarchaeota,Halobacteria,Haloferacales,Haloferacaceae,,,
Haloquadratum walsbyi,DQ314494,76,32,44,No,0,tRNA,0,--,--,--,No,CRW,--,CRW_t_A_7900,--,Yes,Archaea,Euryarchaeota,Halobacteria,Haloferacales,Haloferacaceae,,,
Halobacterium salinarum,K02972,75,31,44,No,0,tRNA,0,--,--,--,No,CRW,--,CRW_t_A_7925,--,Yes,Archaea,Euryarchaeota,Halobacteria,Halobacteriales,Halobacteriaceae,,,
Haloferax volcanii,K00190,78,34,44,No,0,tRNA,0,(()()()),(()()()),--,No,CRW,--,CRW_t_A_9695,--,Yes,Archaea,Euryarchaeota,Halobacteria,Haloferacales,Haloferacaceae,,,
Haloferax volcanii,K02510,78,34,44,No,0,tRNA,0,(()()()),(()()()),--,No,CRW,--,CRW_t_A_9713,--,Yes,Archaea,Euryarchaeota,Halobacteria,Haloferacales,Haloferacaceae,,,
Methanocaldococcus jannaschii,U67517,75,31,44,No,0,tRNA,0,(()()()),(()()()),--,No,CRW,--,CRW_t_A_9717,--,Yes,Archaea,Euryarchaeota,Methanococci,Methanococcales,Methanocaldococcaceae,,,
Methanothermus fervidus,M26978,75,31,44,No,0,tRNA,0,(()()()),(()()()),--,No,CRW,--,CRW_t_A_9718,--,Yes,Archaea,Euryarchaeota,Methanobacteria,Methanobacteriales,Methanothermaceae,,,
Haloferax volcanii,K00190,78,34,44,No,0,tRNA,0,(()()()),(()()()),--,No,CRW,--,CRW_t_A_9746,--,Yes,Archaea,Euryarchaeota,Halobacteria,Haloferacales,Haloferacaceae,,,
Haloferax volcanii,K02510,78,34,44,No,0,tRNA,0,(()()()),(()()()),--,No,CRW,--,CRW_t_A_9747,--,Yes,Archaea,Euryarchaeota,Halobacteria,Haloferacales,Haloferacaceae,,,
Methanothermus fervidus,M26978,75,31,44,No,0,tRNA,0,(()()()),(()()()),--,No,CRW,--,CRW_t_A_9754,--,Yes,Archaea,Euryarchaeota,Methanobacteria,Methanobacteriales,Methanothermaceae,,,
Thermoplasma acidophilum,AL445067,73,29,44,No,0,tRNA,0,(()()()),(()()()),--,No,CRW,--,CRW_t_A_10216,--,Yes,Archaea,Euryarchaeota,Thermoplasmata,Thermoplasmatales,Thermoplasmataceae,,,
Haloferax volcanii,K00183,76,32,44,No,0,tRNA,0,(()()()),(()()()),--,No,CRW,--,CRW_t_A_10945,--,Yes,Archaea,Euryarchaeota,Halobacteria,Haloferacales,Haloferacaceae,,,
Halobacterium salinarum,X03196,76,32,44,No,0,tRNA,0,(()()()),(()()()),--,No,CRW,--,CRW_t_A_10959,--,Yes,Archaea,Euryarchaeota,Halobacteria,Halobacteriales,Halobacteriaceae,,,
Haloferax volcanii,K00183,76,32,44,No,0,tRNA,0,(()()()),(()()()),--,No,CRW,--,CRW_t_A_10960,--,Yes,Archaea,Euryarchaeota,Halobacteria,Haloferacales,Haloferacaceae,,,
Methanocaldococcus jannaschii,U67528,73,29,44,No,0,tRNA,0,(()()()),(()()()),--,No,CRW,--,CRW_t_A_10971,--,Yes,Archaea,Euryarchaeota,Methanococci,Methanococcales,Methanocaldococcaceae,,,
Halobacterium salinarum,X03196,76,32,44,No,0,tRNA,0,(()()()),(()()()),--,No,CRW,--,CRW_t_A_11013,--,Yes,Archaea,Euryarchaeota,Halobacteria,Halobacteriales,Halobacteriaceae,,,
Haloferax volcanii,K02515,74,30,44,No,0,tRNA,0,(()()()),(()()()),--,No,CRW,--,CRW_t_A_13464,--,Yes,Archaea,Euryarchaeota,Halobacteria,Haloferacales,Haloferacaceae,,,
Thermofilum pendens,X14835,77,33,44,No,0,tRNA,0,(()()()),(()()()),--,No,CRW,--,CRW_t_A_13465,--,Yes,Archaea,Crenarchaeota,,,Thermofilaceae,Conexivisphaeria,Thermofilales,
Haloferax volcanii,K02513,74,30,44,No,0,tRNA,0,(()()()),(()()()),--,No,CRW,--,CRW_t_A_13471,--,Yes,Archaea,Euryarchaeota,Halobacteria,Haloferacales,Haloferacaceae,,,
Methanothermobacter thermautotrophicus,X06787,78,34,44,No,0,tRNA,0,(()()()),(()()()),--,No,CRW,--,CRW_t_A_13473,--,Yes,Archaea,Euryarchaeota,Methanobacteria,Methanobacteriales,Methanobacteriaceae,,,
Haloferax volcanii,K02514,74,30,44,No,0,tRNA,0,(),(),--,No,CRW,--,CRW_t_A_13494,--,Yes,Archaea,Euryarchaeota,Halobacteria,Haloferacales,Haloferacaceae,,,
Haloferax volcanii,K02512,74,30,44,No,0,tRNA,0,(()()()),(()()()),--,No,CRW,--,CRW_t_A_13513,--,Yes,Archaea,Euryarchaeota,Halobacteria,Haloferacales,Haloferacaceae,,,
Haloferax volcanii,K02513,74,30,44,No,0,tRNA,0,(()()()),(()()()),--,No,CRW,--,CRW_t_A_13514,--,Yes,Archaea,Euryarchaeota,Halobacteria,Haloferacales,Haloferacaceae,,,
Haloferax volcanii,K02514,74,30,44,No,0,tRNA,0,(),(),--,No,CRW,--,CRW_t_A_13515,--,Yes,Archaea,Euryarchaeota,Halobacteria,Haloferacales,Haloferacaceae,,,
Haloferax volcanii,K02515,74,30,44,No,0,tRNA,0,(),(),--,No,CRW,--,CRW_t_A_13516,--,Yes,Archaea,Euryarchaeota,Halobacteria,Haloferacales,Haloferacaceae,,,
Thermofilum pendens,J05061,77,33,44,No,0,tRNA,0,(()()()),(()()()),--,No,CRW,--,CRW_t_A_13559,--,Yes,Archaea,Crenarchaeota,,,Thermofilaceae,Conexivisphaeria,Thermofilales,
Halobacterium salinarum,X03197,74,30,44,No,0,tRNA,0,(()()()),(()()()),--,No,CRW,--,CRW_t_A_13597,--,Yes,Archaea,Euryarchaeota,Halobacteria,Halobacteriales,Halobacteriaceae,,,
Methanothermobacter thermautotrophicus,X06787,78,34,44,No,0,tRNA,0,()(),()(),--,No,CRW,--,CRW_t_A_13612,--,Yes,Archaea,Euryarchaeota,Methanobacteria,Methanobacteriales,Methanobacteriaceae,,,
Thermoplasma acidophilum,AL445066,72,28,44,No,0,tRNA,0,(),(),--,No,CRW,--,CRW_t_A_14254,--,Yes,Archaea,Euryarchaeota,Thermoplasmata,Thermoplasmatales,Thermoplasmataceae,,,
Haloferax volcanii,K02516,77,33,44,No,0,tRNA,0,(()()()),(()()()),--,No,CRW,--,CRW_t_A_15349,--,Yes,Archaea,Euryarchaeota,Halobacteria,Haloferacales,Haloferacaceae,,,
Halobacterium salinarum,X03198,76,32,44,No,0,tRNA,0,(()()()),(()()()),--,No,CRW,--,CRW_t_A_15350,--,Yes,Archaea,Euryarchaeota,Halobacteria,Halobacteriales,Halobacteriaceae,,,
Haloferax volcanii,K02516,76,32,44,No,0,tRNA,0,(()()()),(()()()),--,No,CRW,--,CRW_t_A_15351,--,Yes,Archaea,Euryarchaeota,Halobacteria,Haloferacales,Haloferacaceae,,,
Methanocaldococcus jannaschii,U67517,75,31,44,No,0,tRNA,0,(()()()),(()()()),--,No,CRW,--,CRW_t_A_15352,--,Yes,Archaea,Euryarchaeota,Methanococci,Methanococcales,Methanocaldococcaceae,,,
Methanothermus fervidus,M26978,75,31,44,No,0,tRNA,0,()(),()(),--,No,CRW,--,CRW_t_A_15382,--,Yes,Archaea,Euryarchaeota,Methanobacteria,Methanobacteriales,Methanothermaceae,,,
Halobacterium salinarum,X03198,77,33,44,No,0,tRNA,0,()(),()(),--,No,CRW,--,CRW_t_A_15415,--,Yes,Archaea,Euryarchaeota,Halobacteria,Halobacteriales,Halobacteriaceae,,,
Haloferax volcanii,K00219,77,33,44,No,0,tRNA,0,(()()()),(()()()),--,No,CRW,--,CRW_t_A_19844,--,Yes,Archaea,Euryarchaeota,Halobacteria,Haloferacales,Haloferacaceae,,,
Haloferax volcanii,K02517,78,34,44,No,0,tRNA,0,(()()()),(()()()),--,No,CRW,--,CRW_t_A_19845,--,Yes,Archaea,Euryarchaeota,Halobacteria,Haloferacales,Haloferacaceae,,,
Methanocaldococcus jannaschii,U67517,75,31,44,No,0,tRNA,0,()(),()(),--,No,CRW,--,CRW_t_A_19852,--,Yes,Archaea,Euryarchaeota,Methanococci,Methanococcales,Methanocaldococcaceae,,,
Methanothermus fervidus,M26978,74,30,44,No,0,tRNA,0,(()()()),(()(())()),--,No,CRW,--,CRW_t_A_19853,--,Yes,Archaea,Euryarchaeota,Methanobacteria,Methanobacteriales,Methanothermaceae,,,
Haloferax volcanii,K00219,77,33,44,No,0,tRNA,0,(()()()),(()()()),--,No,CRW,--,CRW_t_A_19860,--,Yes,Archaea,Euryarchaeota,Halobacteria,Haloferacales,Haloferacaceae,,,
Methanococcus maripaludis,AF108356,74,30,44,No,0,tRNA,0,(()()()),(()()()),--,No,CRW,--,CRW_t_A_20541,--,Yes,Archaea,Euryarchaeota,Methanococci,Methanococcales,Methanococcaceae,,,
Thermoplasma acidophilum,AL445063,74,30,44,No,0,tRNA,0,(()()()),(()()()),--,No,CRW,--,CRW_t_A_20608,--,Yes,Archaea,Euryarchaeota,Thermoplasmata,Thermoplasmatales,Thermoplasmataceae,,,
Thermoplasma acidophilum,AL445064,74,30,44,No,0,tRNA,0,(()()()),(()()()),--,No,CRW,--,CRW_t_A_20609,--,Yes,Archaea,Euryarchaeota,Thermoplasmata,Thermoplasmatales,Thermoplasmataceae,,,
Haloferax volcanii,K00283,77,33,44,No,0,tRNA,0,(()()()),(()()()),--,No,CRW,--,CRW_t_A_21800,--,Yes,Archaea,Euryarchaeota,Halobacteria,Haloferacales,Haloferacaceae,,,
Haloferax volcanii,K02518,77,33,44,No,0,tRNA,0,(()()()),(()()()),--,No,CRW,--,CRW_t_A_21801,--,Yes,Archaea,Euryarchaeota,Halobacteria,Haloferacales,Haloferacaceae,,,
Haloferax volcanii,K02518,77,33,44,No,0,tRNA,0,(()()()),(()()()),--,No,CRW,--,CRW_t_A_21818,--,Yes,Archaea,Euryarchaeota,Halobacteria,Haloferacales,Haloferacaceae,,,
Methanothermus fervidus,M26977,74,30,44,No,0,tRNA,0,(()()()),(()()()),--,No,CRW,--,CRW_t_A_21820,--,Yes,Archaea,Euryarchaeota,Methanobacteria,Methanobacteriales,Methanothermaceae,,,
Methanococcus maripaludis,AF108356,74,30,44,No,0,tRNA,0,(()()()),(()()()),--,No,CRW,--,CRW_t_A_21821,--,Yes,Archaea,Euryarchaeota,Methanococci,Methanococcales,Methanococcaceae,,,
Methanothermus fervidus,M26977,74,30,44,No,0,tRNA,0,(()()()),(()()()),--,No,CRW,--,CRW_t_A_21843,--,Yes,Archaea,Euryarchaeota,Methanobacteria,Methanobacteriales,Methanothermaceae,,,
Methanococcus vannielii,X00916,74,30,44,No,0,tRNA,0,(()()()),(()()()),--,No,CRW,--,CRW_t_A_21899,--,Yes,Archaea,Euryarchaeota,Methanococci,Methanococcales,Methanococcaceae,,,
Methanococcus vannielii,X00916,74,30,44,No,0,tRNA,0,(()()()),(()()()),--,No,CRW,--,CRW_t_A_21900,--,Yes,Archaea,Euryarchaeota,Methanococci,Methanococcales,Methanococcaceae,,,
Halococcus morrhuae,X72588,74,30,44,No,0,tRNA,0,(),(),--,No,CRW,--,CRW_t_A_21942,--,Yes,Archaea,Euryarchaeota,Halobacteria,Halobacteriales,Halococcaceae,,,
Thermoplasma acidophilum,K00302,76,32,44,No,0,tRNA,0,(()()()),(()()()),--,No,CRW,--,CRW_t_A_23626,--,Yes,Archaea,Euryarchaeota,Thermoplasmata,Thermoplasmatales,Thermoplasmataceae,,,
Thermofilum pendens,X14835.1,79,35,44,No,0,tRNA,0,(()()()),(()()()),--,No,CRW,--,CRW_t_A_23627,--,Yes,Archaea,Crenarchaeota,,,Thermofilaceae,Conexivisphaeria,Thermofilales,
Thermofilum pendens,X14835,74,30,44,No,0,tRNA,0,(()()()),(()()()),--,No,CRW,--,CRW_t_A_23628,--,Yes,Archaea,Crenarchaeota,,,Thermofilaceae,Conexivisphaeria,Thermofilales,
Thermofilum pendens,X14835.1,77,33,44,No,0,tRNA,0,(()()()),(()()()),--,No,CRW,--,CRW_t_A_23629,--,Yes,Archaea,Crenarchaeota,,,Thermofilaceae,Conexivisphaeria,Thermofilales,
Methanothermus fervidus,M26978,74,30,44,No,0,tRNA,0,(()()()),(()()()),--,No,CRW,--,CRW_t_A_23653,--,Yes,Archaea,Euryarchaeota,Methanobacteria,Methanobacteriales,Methanothermaceae,,,
Thermoplasma acidophilum,M57598,76,32,44,No,0,tRNA,0,(()()()),(()()()),--,No,CRW,--,CRW_t_A_23687,--,Yes,Archaea,Euryarchaeota,Thermoplasmata,Thermoplasmatales,Thermoplasmataceae,,,
Thermoplasma acidophilum,X01221,77,33,44,No,0,tRNA,0,(()()()),(()()()),--,No,CRW,--,CRW_t_A_23718,--,Yes,Archaea,Euryarchaeota,Thermoplasmata,Thermoplasmatales,Thermoplasmataceae,,,
Thermofilum pendens,X14835,79,35,44,No,0,tRNA,0,(()()()),(()()()),--,No,CRW,--,CRW_t_A_23731,--,Yes,Archaea,Crenarchaeota,,,Thermofilaceae,Conexivisphaeria,Thermofilales,
Thermoplasma acidophilum,X68198,74,30,44,No,0,tRNA,0,(()()()),(()()()),--,No,CRW,--,CRW_t_A_23742,--,Yes,Archaea,Euryarchaeota,Thermoplasmata,Thermoplasmatales,Thermoplasmataceae,,,
Haloferax volcanii,K02511,77,33,44,No,0,tRNA,0,()(),()(),--,No,CRW,--,CRW_t_A_31213,--,Yes,Archaea,Euryarchaeota,Halobacteria,Haloferacales,Haloferacaceae,,,
Methanocaldococcus jannaschii,U67517,74,30,44,No,0,tRNA,0,(()()()),(()()()),--,No,CRW,--,CRW_t_A_31214,--,Yes,Archaea,Euryarchaeota,Methanococci,Methanococcales,Methanocaldococcaceae,,,
Haloferax volcanii,K02511,77,33,44,No,0,tRNA,0,(),(),--,No,CRW,--,CRW_t_A_31247,--,Yes,Archaea,Euryarchaeota,Halobacteria,Haloferacales,Haloferacaceae,,,
Thermoplasma acidophilum,AL445067,73,29,44,No,0,tRNA,0,(()()()),(()()()),--,No,CRW,--,CRW_t_A_31767,--,Yes,Archaea,Euryarchaeota,Thermoplasmata,Thermoplasmatales,Thermoplasmataceae,,,
Haloferax volcanii,K00356,76,32,44,No,0,tRNA,0,()(),()(),--,No,CRW,--,CRW_t_A_32650,--,Yes,Archaea,Euryarchaeota,Halobacteria,Haloferacales,Haloferacaceae,,,
Haloferax volcanii,K02521,74,30,44,No,0,tRNA,0,()(),()(),--,No,CRW,--,CRW_t_A_32651,--,Yes,Archaea,Euryarchaeota,Halobacteria,Haloferacales,Haloferacaceae,,,
Methanothermus fervidus,M26977,75,31,44,No,0,tRNA,0,()()(),()()(),--,No,CRW,--,CRW_t_A_32662,--,Yes,Archaea,Euryarchaeota,Methanobacteria,Methanobacteriales,Methanothermaceae,,,
Haloferax volcanii,K02521,74,30,44,No,0,tRNA,0,()(),()(),--,No,CRW,--,CRW_t_A_32679,--,Yes,Archaea,Euryarchaeota,Halobacteria,Haloferacales,Haloferacaceae,,,
Haloferax volcanii,K02522,76,32,44,No,0,tRNA,0,--,--,--,No,CRW,--,CRW_t_A_32691,--,Yes,Archaea,Euryarchaeota,Halobacteria,Haloferacales,Haloferacaceae,,,
Methanocaldococcus jannaschii,U67537,77,33,44,No,0,tRNA,0,--,--,--,No,CRW,--,CRW_t_A_32692,--,Yes,Archaea,Euryarchaeota,Methanococci,Methanococcales,Methanocaldococcaceae,,,
Methanothermus fervidus,M26977,75,31,44,No,0,tRNA,0,--,--,--,No,CRW,--,CRW_t_A_32693,--,Yes,Archaea,Euryarchaeota,Methanobacteria,Methanobacteriales,Methanothermaceae,,,
Methanococcus vannielii,X00916,78,34,44,No,0,tRNA,0,--,--,--,No,CRW,--,CRW_t_A_32694,--,Yes,Archaea,Euryarchaeota,Methanococci,Methanococcales,Methanococcaceae,,,
Methanococcus vannielii,X00916,78,34,44,No,0,tRNA,0,--,--,--,No,CRW,--,CRW_t_A_32755,--,Yes,Archaea,Euryarchaeota,Methanococci,Methanococcales,Methanococcaceae,,,
Halorubrum sodomense,AY047489,22,12,10,No,0,tRNA,0,(()()()),(()()()),--,No,CRW,--,CRW_t_A_33108,--,Yes,Archaea,Euryarchaeota,Halobacteria,Haloferacales,Halorubraceae,,,
Thermococcus barophilus,AY047490,19,9,10,No,0,tRNA,0,(()()()),(()()()),--,No,CRW,--,CRW_t_A_33109,--,Yes,Archaea,Euryarchaeota,Thermococci,Thermococcales,Thermococcaceae,,,
Haloferax volcanii,K02528,77,33,44,No,0,tRNA,0,(()()()),(()()()),--,No,CRW,--,CRW_t_A_33504,--,Yes,Archaea,Euryarchaeota,Halobacteria,Haloferacales,Haloferacaceae,,,
Haloferax volcanii,K02528,74,30,44,No,0,tRNA,0,(()()()),(()()()),--,No,CRW,--,CRW_t_A_33539,--,Yes,Archaea,Euryarchaeota,Halobacteria,Haloferacales,Haloferacaceae,,,
Haloferax volcanii,K00268,77,33,44,No,0,tRNA,0,(()()()),(()()()),--,No,CRW,--,CRW_t_A_33703,--,Yes,Archaea,Euryarchaeota,Halobacteria,Haloferacales,Haloferacaceae,,,
Thermococcus celer,L07299,78,34,44,No,0,tRNA,0,(()()()),(()()()),--,No,CRW,--,CRW_t_A_33715,--,Yes,Archaea,Euryarchaeota,Thermococci,Thermococcales,Thermococcaceae,,,
Methanococcus vannielii,X00916,74,30,44,No,0,tRNA,0,(()()()),(()()()),--,No,CRW,--,CRW_t_A_33722,--,Yes,Archaea,Euryarchaeota,Methanococci,Methanococcales,Methanococcaceae,,,
Haloferax volcanii,K00268,77,33,44,No,0,tRNA,0,(()()()),(()()()),--,No,CRW,--,CRW_t_A_33767,--,Yes,Archaea,Euryarchaeota,Halobacteria,Haloferacales,Haloferacaceae,,,
Methanococcus vannielii,X00916,74,30,44,No,0,tRNA,0,(()()()),(()()()),--,No,CRW,--,CRW_t_A_33768,--,Yes,Archaea,Euryarchaeota,Methanococci,Methanococcales,Methanococcaceae,,,
Natronomonas pharaonis,--,72,32,40,No,0,tRNA,0,(()()()),(()()()),--,No,RFAM,--,RFAM_t_A_34416,--,Yes,Archaea,Euryarchaeota,Halobacteria,Halobacteriales,Halobacteriaceae,,,
Methanococcus maripaludis,--,74,34,40,No,0,tRNA,0,(()()()),(()()()),--,No,RFAM,--,RFAM_t_A_34508,--,Yes,Archaea,Euryarchaeota,Methanococci,Methanococcales,Methanococcaceae,,,
Haloferax volcanii,--,74,34,40,No,0,tRNA,0,(()()()),(()()()),--,No,RFAM,--,RFAM_t_A_34744,--,Yes,Archaea,Euryarchaeota,Halobacteria,Haloferacales,Haloferacaceae,,,
Methanospirillum hungatei,--,73,33,40,No,0,tRNA,0,(()()()),(()()()),--,No,RFAM,--,RFAM_t_A_34811,--,Yes,Archaea,Euryarchaeota,Methanomicrobia,Methanomicrobiales,Methanospirillaceae,,,
Methanothermus fervidus,--,73,33,40,No,0,tRNA,0,(()()()),(()()()),--,No,RFAM,--,RFAM_t_A_34853,--,Yes,Archaea,Euryarchaeota,Methanobacteria,Methanobacteriales,Methanothermaceae,,,
Methanothermus fervidus,--,75,35,40,No,0,tRNA,0,(()()()),(()()()),--,No,RFAM,--,RFAM_t_A_34854,--,Yes,Archaea,Euryarchaeota,Methanobacteria,Methanobacteriales,Methanothermaceae,,,
Methanothermus fervidus,--,72,32,40,No,0,tRNA,0,(()()()),(()()()),--,No,RFAM,--,RFAM_t_A_34855,--,Yes,Archaea,Euryarchaeota,Methanobacteria,Methanobacteriales,Methanothermaceae,,,
Methanothermus fervidus,--,74,34,40,No,0,tRNA,0,(()()()),(()()()),--,No,RFAM,--,RFAM_t_A_34856,--,Yes,Archaea,Euryarchaeota,Methanobacteria,Methanobacteriales,Methanothermaceae,,,
Methanothermus fervidus,--,83,43,40,No,0,tRNA,0,(()()()),(()()()),--,No,RFAM,--,RFAM_t_A_34857,--,Yes,Archaea,Euryarchaeota,Methanobacteria,Methanobacteriales,Methanothermaceae,,,
Methanothermus fervidus,--,73,33,40,No,0,tRNA,0,(()()()),(()()()),--,No,RFAM,--,RFAM_t_A_34858,--,Yes,Archaea,Euryarchaeota,Methanobacteria,Methanobacteriales,Methanothermaceae,,,
Methanothermus fervidus,--,74,34,40,No,0,tRNA,0,(()()()),(()()()),--,No,RFAM,--,RFAM_t_A_34859,--,Yes,Archaea,Euryarchaeota,Methanobacteria,Methanobacteriales,Methanothermaceae,,,
Methanothermus fervidus,--,74,34,40,No,0,tRNA,0,(()()()),(()()()),--,No,RFAM,--,RFAM_t_A_34860,--,Yes,Archaea,Euryarchaeota,Methanobacteria,Methanobacteriales,Methanothermaceae,,,
Methanothermus fervidus,--,75,35,40,No,0,tRNA,0,(()()()),(()()()),--,No,RFAM,--,RFAM_t_A_34861,--,Yes,Archaea,Euryarchaeota,Methanobacteria,Methanobacteriales,Methanothermaceae,,,
Methanothermus fervidus,--,87,47,40,No,0,tRNA,0,(()()()),(()()()),--,No,RFAM,--,RFAM_t_A_34865,--,Yes,Archaea,Euryarchaeota,Methanobacteria,Methanobacteriales,Methanothermaceae,,,
Methanothermus fervidus,--,74,34,40,No,0,tRNA,0,(()()()),(()()()),--,No,RFAM,--,RFAM_t_A_34866,--,Yes,Archaea,Euryarchaeota,Methanobacteria,Methanobacteriales,Methanothermaceae,,,
Haloarcula marismortui,--,85,45,40,No,0,tRNA,0,(()()()),(()()()),--,No,RFAM,--,RFAM_t_A_34924,--,Yes,Archaea,Euryarchaeota,Halobacteria,Halobacteriales,Haloarculaceae,,,
Haloarcula marismortui,--,85,45,40,No,0,tRNA,0,(()()()),(()()()),--,No,RFAM,--,RFAM_t_A_34925,--,Yes,Archaea,Euryarchaeota,Halobacteria,Halobacteriales,Haloarculaceae,,,
Methanococcus vannielii,--,73,33,40,No,0,tRNA,0,(()()()),(()()()),--,No,RFAM,--,RFAM_t_A_34964,--,Yes,Archaea,Euryarchaeota,Methanococci,Methanococcales,Methanococcaceae,,,
Methanococcus vannielii,--,74,34,40,No,0,tRNA,0,(()()()),(()()()),--,No,RFAM,--,RFAM_t_A_34972,--,Yes,Archaea,Euryarchaeota,Methanococci,Methanococcales,Methanococcaceae,,,
Methanococcus vannielii,--,75,35,40,No,0,tRNA,0,(()()()),(()()()),--,No,RFAM,--,RFAM_t_A_34973,--,Yes,Archaea,Euryarchaeota,Methanococci,Methanococcales,Methanococcaceae,,,
Methanococcus vannielii,--,74,34,40,No,0,tRNA,0,(()()()),(()()()),--,No,RFAM,--,RFAM_t_A_34974,--,Yes,Archaea,Euryarchaeota,Methanococci,Methanococcales,Methanococcaceae,,,
Methanococcus vannielii,--,75,35,40,No,0,tRNA,0,(()()()),(()()()),--,No,RFAM,--,RFAM_t_A_34975,--,Yes,Archaea,Euryarchaeota,Methanococci,Methanococcales,Methanococcaceae,,,
Haloferax volcanii,--,77,37,40,No,0,tRNA,0,(()()()),(()()()),--,No,RFAM,--,RFAM_t_A_35005,--,Yes,Archaea,Euryarchaeota,Halobacteria,Haloferacales,Haloferacaceae,,,
Thermoproteus tenax,--,85,45,40,No,0,tRNA,0,(()()()),(()()()),--,No,RFAM,--,RFAM_t_A_35061,--,Yes,Archaea,Crenarchaeota,,,,Conexivisphaeria,Conexivisphaerales,Conexivisphaeraceae
Thermofilum pendens,--,76,36,40,No,0,tRNA,0,(()()()),(()()()),--,No,RFAM,--,RFAM_t_A_35127,--,Yes,Archaea,Crenarchaeota,,,Thermofilaceae,Conexivisphaeria,Thermofilales,
Thermoplasma acidophilum,--,74,34,40,No,0,tRNA,0,(()()()),(()()()),--,No,RFAM,--,RFAM_t_A_35316,--,Yes,Archaea,Euryarchaeota,Thermoplasmata,Thermoplasmatales,Thermoplasmataceae,,,
